date,capacity_percent,source
2026-05-30 12:15:34,80.00,windows_win32_charge_fallback
2026-05-30 12:16:35,80.00,windows_win32_charge_fallback
2026-05-30 12:17:36,80.00,windows_win32_charge_fallback
2026-05-30 12:18:38,80.00,windows_win32_charge_fallback
2026-05-30 12:19:39,80.00,windows_win32_charge_fallback
2026-05-30 12:20:40,80.00,windows_win32_charge_fallback
2026-05-30 12:21:41,80.00,windows_win32_charge_fallback
2026-05-30 12:22:43,80.00,windows_win32_charge_fallback
2026-05-30 12:23:44,80.00,windows_win32_charge_fallback
2026-05-30 12:24:45,80.00,windows_win32_charge_fallback
2026-05-30 12:25:46,80.00,windows_win32_charge_fallback
2026-05-30 12:26:48,80.00,windows_win32_charge_fallback
2026-05-30 12:27:49,80.00,windows_win32_charge_fallback
2026-05-30 12:28:50,80.00,windows_win32_charge_fallback
2026-05-30 12:29:51,80.00,windows_win32_charge_fallback
2026-05-30 12:30:53,80.00,windows_win32_charge_fallback
2026-05-30 12:31:54,80.00,windows_win32_charge_fallback
2026-05-30 12:32:55,80.00,windows_win32_charge_fallback
2026-05-30 12:33:57,80.00,windows_win32_charge_fallback
2026-05-30 12:34:58,80.00,windows_win32_charge_fallback
2026-05-30 12:35:59,80.00,windows_win32_charge_fallback
2026-05-30 12:37:00,80.00,windows_win32_charge_fallback
2026-05-30 12:38:02,80.00,windows_win32_charge_fallback
2026-05-30 12:39:03,80.00,windows_win32_charge_fallback
2026-05-30 12:40:04,80.00,windows_win32_charge_fallback
2026-05-30 12:41:05,80.00,windows_win32_charge_fallback
2026-05-30 12:42:07,80.00,windows_win32_charge_fallback
2026-05-30 12:43:08,80.00,windows_win32_charge_fallback
2026-05-30 12:44:09,80.00,windows_win32_charge_fallback
2026-05-30 12:45:10,80.00,windows_win32_charge_fallback
2026-05-30 12:46:12,80.00,windows_win32_charge_fallback
2026-05-30 12:47:13,80.00,windows_win32_charge_fallback
2026-05-30 12:48:14,80.00,windows_win32_charge_fallback
2026-05-30 12:49:15,80.00,windows_win32_charge_fallback
2026-05-30 12:50:16,80.00,windows_win32_charge_fallback
2026-05-30 12:51:18,80.00,windows_win32_charge_fallback
2026-05-30 12:52:19,80.00,windows_win32_charge_fallback
2026-05-30 12:53:20,80.00,windows_win32_charge_fallback
2026-05-30 12:54:21,80.00,windows_win32_charge_fallback
2026-05-30 12:55:23,80.00,windows_win32_charge_fallback
2026-05-30 12:56:24,80.00,windows_win32_charge_fallback
2026-05-30 12:57:25,80.00,windows_win32_charge_fallback
2026-05-30 12:58:26,80.00,windows_win32_charge_fallback
2026-05-30 12:59:27,80.00,windows_win32_charge_fallback
2026-05-30 13:00:29,80.00,windows_win32_charge_fallback
2026-05-30 13:01:30,80.00,windows_win32_charge_fallback
2026-05-30 13:02:31,80.00,windows_win32_charge_fallback
2026-05-30 13:03:32,80.00,windows_win32_charge_fallback
2026-05-30 13:04:34,80.00,windows_win32_charge_fallback
2026-05-30 13:05:35,80.00,windows_win32_charge_fallback
2026-05-30 13:06:36,80.00,windows_win32_charge_fallback
2026-05-30 13:07:37,80.00,windows_win32_charge_fallback
2026-05-30 13:08:38,80.00,windows_win32_charge_fallback
2026-05-30 13:09:40,80.00,windows_win32_charge_fallback
2026-05-30 13:10:41,80.00,windows_win32_charge_fallback
2026-05-30 13:11:42,80.00,windows_win32_charge_fallback
2026-05-30 13:12:43,80.00,windows_win32_charge_fallback
2026-05-30 13:13:45,80.00,windows_win32_charge_fallback
2026-05-30 13:14:46,80.00,windows_win32_charge_fallback
2026-05-30 13:15:47,80.00,windows_win32_charge_fallback
2026-05-30 13:16:49,80.00,windows_win32_charge_fallback
2026-05-30 13:17:50,80.00,windows_win32_charge_fallback
2026-05-30 13:18:51,80.00,windows_win32_charge_fallback
2026-05-30 13:19:52,80.00,windows_win32_charge_fallback
2026-05-30 13:20:54,80.00,windows_win32_charge_fallback
2026-05-30 13:21:55,80.00,windows_win32_charge_fallback
2026-05-30 13:22:56,80.00,windows_win32_charge_fallback
2026-05-30 13:23:57,80.00,windows_win32_charge_fallback
2026-05-30 13:24:59,80.00,windows_win32_charge_fallback
2026-05-30 13:26:00,80.00,windows_win32_charge_fallback
2026-05-30 13:27:01,80.00,windows_win32_charge_fallback
2026-05-30 13:28:02,80.00,windows_win32_charge_fallback
2026-05-30 13:29:04,80.00,windows_win32_charge_fallback
2026-05-30 13:30:05,80.00,windows_win32_charge_fallback
2026-05-30 13:31:06,80.00,windows_win32_charge_fallback
2026-05-30 13:32:07,80.00,windows_win32_charge_fallback
2026-05-30 13:33:09,80.00,windows_win32_charge_fallback
2026-05-30 13:34:10,80.00,windows_win32_charge_fallback
2026-05-30 13:35:11,80.00,windows_win32_charge_fallback
2026-05-30 13:36:12,80.00,windows_win32_charge_fallback
2026-05-30 13:37:14,80.00,windows_win32_charge_fallback
2026-05-30 13:38:15,80.00,windows_win32_charge_fallback
2026-05-30 13:39:16,80.00,windows_win32_charge_fallback
2026-05-30 13:40:17,80.00,windows_win32_charge_fallback
2026-05-30 13:41:19,80.00,windows_win32_charge_fallback
2026-05-30 13:42:20,80.00,windows_win32_charge_fallback
2026-05-30 13:43:21,80.00,windows_win32_charge_fallback
2026-05-30 13:44:22,80.00,windows_win32_charge_fallback
2026-05-30 13:45:24,80.00,windows_win32_charge_fallback
2026-05-30 13:46:25,80.00,windows_win32_charge_fallback
2026-05-30 13:47:26,80.00,windows_win32_charge_fallback
2026-05-30 13:48:27,80.00,windows_win32_charge_fallback
2026-05-30 13:49:29,80.00,windows_win32_charge_fallback
2026-05-30 13:50:30,80.00,windows_win32_charge_fallback
2026-05-30 13:51:31,80.00,windows_win32_charge_fallback
2026-05-30 13:52:32,80.00,windows_win32_charge_fallback
2026-05-30 13:53:34,80.00,windows_win32_charge_fallback
2026-05-30 13:54:35,80.00,windows_win32_charge_fallback
2026-05-30 13:55:36,80.00,windows_win32_charge_fallback
2026-05-30 13:56:37,80.00,windows_win32_charge_fallback
2026-05-30 13:57:39,80.00,windows_win32_charge_fallback
2026-05-30 13:58:40,80.00,windows_win32_charge_fallback
2026-05-30 13:59:41,80.00,windows_win32_charge_fallback
2026-05-30 14:00:42,80.00,windows_win32_charge_fallback
2026-05-30 14:01:44,80.00,windows_win32_charge_fallback
2026-05-30 14:02:45,80.00,windows_win32_charge_fallback
2026-05-30 14:03:46,80.00,windows_win32_charge_fallback
2026-05-30 14:04:47,80.00,windows_win32_charge_fallback
2026-05-30 14:05:49,80.00,windows_win32_charge_fallback
2026-05-30 14:06:50,80.00,windows_win32_charge_fallback
2026-05-30 14:07:51,80.00,windows_win32_charge_fallback
2026-05-30 14:08:52,80.00,windows_win32_charge_fallback
2026-05-30 14:09:54,80.00,windows_win32_charge_fallback
2026-05-30 14:10:55,80.00,windows_win32_charge_fallback
2026-05-30 14:11:56,80.00,windows_win32_charge_fallback
2026-05-30 14:12:57,80.00,windows_win32_charge_fallback
2026-05-30 14:13:59,80.00,windows_win32_charge_fallback
2026-05-30 14:15:00,80.00,windows_win32_charge_fallback
2026-05-30 14:16:01,80.00,windows_win32_charge_fallback
2026-05-30 14:17:02,80.00,windows_win32_charge_fallback
2026-05-30 14:18:04,80.00,windows_win32_charge_fallback
2026-05-30 14:19:05,80.00,windows_win32_charge_fallback
2026-05-30 14:20:06,80.00,windows_win32_charge_fallback
2026-05-30 14:21:07,80.00,windows_win32_charge_fallback
2026-05-30 14:22:09,80.00,windows_win32_charge_fallback
2026-05-30 14:23:10,80.00,windows_win32_charge_fallback
2026-05-30 14:24:11,80.00,windows_win32_charge_fallback
2026-05-30 14:25:12,80.00,windows_win32_charge_fallback
2026-05-30 14:26:13,80.00,windows_win32_charge_fallback
2026-05-30 14:27:15,80.00,windows_win32_charge_fallback
2026-05-30 14:28:16,80.00,windows_win32_charge_fallback
2026-05-30 14:29:17,80.00,windows_win32_charge_fallback
2026-05-30 14:30:18,80.00,windows_win32_charge_fallback
2026-05-30 14:31:20,80.00,windows_win32_charge_fallback
2026-05-30 14:32:21,80.00,windows_win32_charge_fallback
2026-05-30 14:33:22,80.00,windows_win32_charge_fallback
2026-05-30 14:34:23,80.00,windows_win32_charge_fallback
2026-05-30 14:35:25,80.00,windows_win32_charge_fallback
2026-05-30 14:36:26,80.00,windows_win32_charge_fallback
2026-05-30 14:37:27,80.00,windows_win32_charge_fallback
2026-05-30 14:38:28,80.00,windows_win32_charge_fallback
2026-05-30 14:39:30,80.00,windows_win32_charge_fallback
2026-05-30 14:40:31,80.00,windows_win32_charge_fallback
2026-05-30 14:41:32,80.00,windows_win32_charge_fallback
2026-05-30 14:42:34,80.00,windows_win32_charge_fallback
2026-05-30 14:43:35,80.00,windows_win32_charge_fallback
2026-05-30 14:44:36,80.00,windows_win32_charge_fallback
2026-05-30 14:45:37,80.00,windows_win32_charge_fallback
2026-05-30 14:46:39,80.00,windows_win32_charge_fallback
2026-05-30 14:47:40,80.00,windows_win32_charge_fallback
2026-05-30 14:48:41,80.00,windows_win32_charge_fallback
2026-05-30 14:49:42,80.00,windows_win32_charge_fallback
2026-05-30 14:50:43,80.00,windows_win32_charge_fallback
2026-05-30 14:51:45,80.00,windows_win32_charge_fallback
2026-05-30 14:52:46,80.00,windows_win32_charge_fallback
2026-05-30 14:53:47,80.00,windows_win32_charge_fallback
2026-05-30 14:54:48,80.00,windows_win32_charge_fallback
2026-05-30 14:55:50,80.00,windows_win32_charge_fallback
2026-05-30 14:56:51,80.00,windows_win32_charge_fallback
2026-05-30 14:57:52,80.00,windows_win32_charge_fallback
2026-05-30 14:58:54,80.00,windows_win32_charge_fallback
2026-05-30 14:59:55,80.00,windows_win32_charge_fallback
2026-05-30 15:00:56,80.00,windows_win32_charge_fallback
2026-05-30 15:01:58,80.00,windows_win32_charge_fallback
2026-05-30 15:02:59,80.00,windows_win32_charge_fallback
2026-05-30 15:04:00,80.00,windows_win32_charge_fallback
2026-05-30 15:05:01,80.00,windows_win32_charge_fallback
2026-05-30 15:06:03,80.00,windows_win32_charge_fallback
2026-05-30 15:07:04,80.00,windows_win32_charge_fallback
2026-05-30 15:08:05,80.00,windows_win32_charge_fallback
2026-05-30 15:09:07,80.00,windows_win32_charge_fallback
2026-05-30 15:10:08,80.00,windows_win32_charge_fallback
2026-05-30 15:11:09,80.00,windows_win32_charge_fallback
2026-05-30 15:12:11,80.00,windows_win32_charge_fallback
2026-05-30 15:13:12,80.00,windows_win32_charge_fallback
2026-05-30 15:14:13,80.00,windows_win32_charge_fallback
2026-05-30 15:15:15,80.00,windows_win32_charge_fallback
2026-05-30 15:16:16,80.00,windows_win32_charge_fallback
2026-05-30 15:17:17,80.00,windows_win32_charge_fallback
2026-05-30 15:18:18,80.00,windows_win32_charge_fallback
2026-05-30 15:19:20,80.00,windows_win32_charge_fallback
2026-05-30 15:20:21,80.00,windows_win32_charge_fallback
2026-05-30 15:21:22,80.00,windows_win32_charge_fallback
2026-05-30 15:22:23,80.00,windows_win32_charge_fallback
2026-05-30 15:23:25,80.00,windows_win32_charge_fallback
2026-05-30 15:24:26,80.00,windows_win32_charge_fallback
2026-05-30 15:25:27,80.00,windows_win32_charge_fallback
2026-05-30 15:26:28,80.00,windows_win32_charge_fallback
2026-05-30 15:27:30,80.00,windows_win32_charge_fallback
2026-05-30 15:28:31,80.00,windows_win32_charge_fallback
2026-05-30 15:29:32,80.00,windows_win32_charge_fallback
2026-05-30 15:30:33,80.00,windows_win32_charge_fallback
2026-05-30 15:31:35,80.00,windows_win32_charge_fallback
2026-05-30 15:32:36,80.00,windows_win32_charge_fallback
2026-05-30 15:33:37,80.00,windows_win32_charge_fallback
2026-05-30 15:34:38,80.00,windows_win32_charge_fallback
2026-05-30 15:35:40,80.00,windows_win32_charge_fallback
2026-05-30 15:36:41,80.00,windows_win32_charge_fallback
2026-05-30 15:37:42,80.00,windows_win32_charge_fallback
2026-05-30 15:38:43,80.00,windows_win32_charge_fallback
2026-05-30 15:39:45,80.00,windows_win32_charge_fallback
2026-05-30 15:40:46,80.00,windows_win32_charge_fallback
2026-05-30 15:41:47,80.00,windows_win32_charge_fallback
2026-05-30 15:42:49,80.00,windows_win32_charge_fallback
2026-05-30 15:43:50,80.00,windows_win32_charge_fallback
2026-05-30 15:44:51,80.00,windows_win32_charge_fallback
2026-05-30 15:45:52,80.00,windows_win32_charge_fallback
2026-05-30 15:46:54,80.00,windows_win32_charge_fallback
2026-05-30 15:47:55,80.00,windows_win32_charge_fallback
2026-05-30 15:48:56,80.00,windows_win32_charge_fallback
2026-05-30 15:49:57,80.00,windows_win32_charge_fallback
2026-05-30 15:50:58,80.00,windows_win32_charge_fallback
2026-05-30 15:52:00,80.00,windows_win32_charge_fallback
2026-05-30 15:53:01,80.00,windows_win32_charge_fallback
2026-05-30 15:54:02,80.00,windows_win32_charge_fallback
2026-05-30 15:55:03,80.00,windows_win32_charge_fallback
2026-05-30 15:56:05,80.00,windows_win32_charge_fallback
2026-05-30 15:57:06,80.00,windows_win32_charge_fallback
2026-05-30 15:58:07,80.00,windows_win32_charge_fallback
2026-05-30 15:59:09,80.00,windows_win32_charge_fallback
2026-05-30 16:00:10,80.00,windows_win32_charge_fallback
2026-05-30 16:01:11,80.00,windows_win32_charge_fallback
2026-05-30 16:02:12,80.00,windows_win32_charge_fallback
2026-05-30 16:03:14,80.00,windows_win32_charge_fallback
2026-05-30 16:04:15,80.00,windows_win32_charge_fallback
2026-05-30 16:05:16,80.00,windows_win32_charge_fallback
2026-05-30 16:06:17,80.00,windows_win32_charge_fallback
2026-05-30 16:07:19,80.00,windows_win32_charge_fallback
2026-05-30 16:08:20,80.00,windows_win32_charge_fallback
2026-05-30 16:09:21,80.00,windows_win32_charge_fallback
2026-05-30 16:10:23,80.00,windows_win32_charge_fallback
2026-05-30 16:11:24,80.00,windows_win32_charge_fallback
2026-05-30 16:12:25,80.00,windows_win32_charge_fallback
2026-05-30 16:13:26,80.00,windows_win32_charge_fallback
2026-05-30 16:14:28,80.00,windows_win32_charge_fallback
2026-05-30 16:15:29,80.00,windows_win32_charge_fallback
2026-05-30 16:16:30,80.00,windows_win32_charge_fallback
2026-05-30 16:17:31,80.00,windows_win32_charge_fallback
2026-05-30 16:18:33,80.00,windows_win32_charge_fallback
2026-05-30 16:19:34,80.00,windows_win32_charge_fallback
2026-05-30 16:20:35,80.00,windows_win32_charge_fallback
2026-05-30 16:21:36,80.00,windows_win32_charge_fallback
2026-05-30 16:22:38,80.00,windows_win32_charge_fallback
2026-05-30 16:23:39,80.00,windows_win32_charge_fallback
2026-05-30 16:24:40,80.00,windows_win32_charge_fallback
2026-05-30 16:25:41,80.00,windows_win32_charge_fallback
2026-05-30 16:26:43,80.00,windows_win32_charge_fallback
2026-05-30 16:27:44,80.00,windows_win32_charge_fallback
2026-05-30 16:28:45,80.00,windows_win32_charge_fallback
2026-05-30 16:29:46,80.00,windows_win32_charge_fallback
2026-05-30 16:30:48,80.00,windows_win32_charge_fallback
2026-05-30 16:31:49,80.00,windows_win32_charge_fallback
2026-05-30 16:32:50,80.00,windows_win32_charge_fallback
2026-05-30 16:33:51,80.00,windows_win32_charge_fallback
2026-05-30 16:34:53,80.00,windows_win32_charge_fallback
2026-05-30 16:35:54,80.00,windows_win32_charge_fallback
2026-05-30 16:36:55,80.00,windows_win32_charge_fallback
2026-05-30 16:37:56,80.00,windows_win32_charge_fallback
2026-05-30 16:38:58,80.00,windows_win32_charge_fallback
2026-05-30 16:39:59,80.00,windows_win32_charge_fallback
2026-05-30 16:41:00,80.00,windows_win32_charge_fallback
2026-05-30 16:42:02,80.00,windows_win32_charge_fallback
2026-05-30 16:43:03,80.00,windows_win32_charge_fallback
2026-05-30 16:44:04,80.00,windows_win32_charge_fallback
2026-05-30 16:45:05,80.00,windows_win32_charge_fallback
2026-05-30 16:46:07,80.00,windows_win32_charge_fallback
2026-05-30 16:47:08,80.00,windows_win32_charge_fallback
2026-05-30 16:48:09,80.00,windows_win32_charge_fallback
2026-05-30 16:49:10,80.00,windows_win32_charge_fallback
2026-05-30 16:50:12,80.00,windows_win32_charge_fallback
2026-05-30 16:51:13,80.00,windows_win32_charge_fallback
2026-05-30 16:52:14,80.00,windows_win32_charge_fallback
2026-05-30 16:53:15,80.00,windows_win32_charge_fallback
2026-05-30 16:54:17,80.00,windows_win32_charge_fallback
2026-05-30 16:55:18,80.00,windows_win32_charge_fallback
2026-05-30 16:56:19,80.00,windows_win32_charge_fallback
2026-05-30 16:57:20,80.00,windows_win32_charge_fallback
2026-05-30 16:58:22,80.00,windows_win32_charge_fallback
2026-05-30 16:59:23,80.00,windows_win32_charge_fallback
2026-05-30 17:00:24,80.00,windows_win32_charge_fallback
2026-05-30 17:01:25,80.00,windows_win32_charge_fallback
2026-05-30 17:02:27,80.00,windows_win32_charge_fallback
2026-05-30 17:03:28,80.00,windows_win32_charge_fallback
2026-05-30 17:04:29,80.00,windows_win32_charge_fallback
2026-05-30 17:05:30,80.00,windows_win32_charge_fallback
2026-05-30 17:06:32,80.00,windows_win32_charge_fallback
2026-05-30 17:07:33,80.00,windows_win32_charge_fallback
2026-05-30 17:08:34,80.00,windows_win32_charge_fallback
2026-05-30 17:09:35,80.00,windows_win32_charge_fallback
2026-05-30 17:10:36,80.00,windows_win32_charge_fallback
2026-05-30 17:11:38,80.00,windows_win32_charge_fallback
2026-05-30 17:12:39,80.00,windows_win32_charge_fallback
2026-05-30 17:13:40,80.00,windows_win32_charge_fallback
2026-05-30 17:14:41,80.00,windows_win32_charge_fallback
2026-05-30 17:15:43,80.00,windows_win32_charge_fallback
2026-05-30 17:16:44,80.00,windows_win32_charge_fallback
2026-05-30 17:17:45,80.00,windows_win32_charge_fallback
2026-05-30 17:18:46,80.00,windows_win32_charge_fallback
2026-05-30 17:19:48,80.00,windows_win32_charge_fallback
2026-05-30 17:20:49,80.00,windows_win32_charge_fallback
2026-05-30 17:21:50,80.00,windows_win32_charge_fallback
2026-05-30 17:22:51,80.00,windows_win32_charge_fallback
2026-05-30 17:23:52,80.00,windows_win32_charge_fallback
2026-05-30 17:24:54,80.00,windows_win32_charge_fallback
2026-05-30 17:25:55,80.00,windows_win32_charge_fallback
2026-05-30 17:26:56,80.00,windows_win32_charge_fallback
2026-05-30 17:27:58,80.00,windows_win32_charge_fallback
2026-05-30 17:28:59,80.00,windows_win32_charge_fallback
2026-05-30 17:30:00,80.00,windows_win32_charge_fallback
2026-05-30 17:31:01,80.00,windows_win32_charge_fallback
2026-05-30 17:32:02,80.00,windows_win32_charge_fallback
2026-05-30 17:33:04,80.00,windows_win32_charge_fallback
2026-05-30 17:34:05,80.00,windows_win32_charge_fallback
2026-05-30 17:35:06,80.00,windows_win32_charge_fallback
2026-05-30 17:36:07,80.00,windows_win32_charge_fallback
2026-05-30 17:37:09,80.00,windows_win32_charge_fallback
2026-05-30 17:38:10,80.00,windows_win32_charge_fallback
2026-05-30 17:39:11,80.00,windows_win32_charge_fallback
2026-05-30 17:40:12,80.00,windows_win32_charge_fallback
2026-05-30 17:41:14,80.00,windows_win32_charge_fallback
2026-05-30 17:42:15,80.00,windows_win32_charge_fallback
2026-05-30 17:43:16,80.00,windows_win32_charge_fallback
2026-05-30 17:44:18,80.00,windows_win32_charge_fallback
2026-05-30 17:45:19,80.00,windows_win32_charge_fallback
2026-05-30 17:46:20,80.00,windows_win32_charge_fallback
2026-05-30 17:47:21,80.00,windows_win32_charge_fallback
2026-05-30 17:48:23,80.00,windows_win32_charge_fallback
2026-05-30 17:49:24,80.00,windows_win32_charge_fallback
2026-05-30 17:50:25,80.00,windows_win32_charge_fallback
2026-05-30 17:51:26,80.00,windows_win32_charge_fallback
2026-05-30 17:52:28,80.00,windows_win32_charge_fallback
2026-05-30 17:53:30,80.00,windows_win32_charge_fallback
2026-05-30 17:54:31,80.00,windows_win32_charge_fallback
2026-05-30 17:55:32,80.00,windows_win32_charge_fallback
2026-05-30 17:56:33,80.00,windows_win32_charge_fallback
2026-05-30 17:57:35,80.00,windows_win32_charge_fallback
2026-05-30 17:58:36,80.00,windows_win32_charge_fallback
2026-05-30 17:59:37,80.00,windows_win32_charge_fallback
2026-05-30 18:00:38,80.00,windows_win32_charge_fallback
2026-05-30 18:01:40,80.00,windows_win32_charge_fallback
2026-05-30 18:02:41,80.00,windows_win32_charge_fallback
2026-05-30 18:03:42,80.00,windows_win32_charge_fallback
2026-05-30 18:04:43,80.00,windows_win32_charge_fallback
2026-05-30 18:05:45,80.00,windows_win32_charge_fallback
2026-05-30 18:06:46,80.00,windows_win32_charge_fallback
2026-05-30 18:07:47,80.00,windows_win32_charge_fallback
2026-05-30 18:08:48,80.00,windows_win32_charge_fallback
2026-05-30 18:09:49,80.00,windows_win32_charge_fallback
2026-05-30 18:10:51,80.00,windows_win32_charge_fallback
2026-05-30 18:11:52,80.00,windows_win32_charge_fallback
2026-05-30 18:12:53,80.00,windows_win32_charge_fallback
2026-05-30 18:13:54,80.00,windows_win32_charge_fallback
2026-05-30 18:14:56,80.00,windows_win32_charge_fallback
2026-05-30 18:15:57,80.00,windows_win32_charge_fallback
2026-05-30 18:16:58,80.00,windows_win32_charge_fallback
2026-05-30 18:17:59,80.00,windows_win32_charge_fallback
2026-05-30 18:19:01,80.00,windows_win32_charge_fallback
2026-05-30 18:20:02,80.00,windows_win32_charge_fallback
2026-05-30 18:21:03,80.00,windows_win32_charge_fallback
2026-05-30 18:22:04,80.00,windows_win32_charge_fallback
2026-05-30 18:23:06,80.00,windows_win32_charge_fallback
2026-05-30 18:24:07,80.00,windows_win32_charge_fallback
2026-05-30 18:25:08,80.00,windows_win32_charge_fallback
2026-05-30 18:26:09,80.00,windows_win32_charge_fallback
2026-05-30 18:27:11,80.00,windows_win32_charge_fallback
2026-05-30 18:28:12,80.00,windows_win32_charge_fallback
2026-05-30 18:29:13,80.00,windows_win32_charge_fallback
2026-05-30 18:30:14,80.00,windows_win32_charge_fallback
2026-05-30 18:31:16,80.00,windows_win32_charge_fallback
2026-05-30 18:32:17,80.00,windows_win32_charge_fallback
2026-05-30 18:33:18,80.00,windows_win32_charge_fallback
2026-05-30 18:34:19,80.00,windows_win32_charge_fallback
2026-05-30 18:35:21,80.00,windows_win32_charge_fallback
2026-05-30 18:36:22,80.00,windows_win32_charge_fallback
2026-05-30 18:37:23,80.00,windows_win32_charge_fallback
2026-05-30 18:38:24,80.00,windows_win32_charge_fallback
2026-05-30 18:39:26,80.00,windows_win32_charge_fallback
2026-05-30 18:40:27,80.00,windows_win32_charge_fallback
2026-05-30 18:41:28,80.00,windows_win32_charge_fallback
2026-05-30 18:42:29,80.00,windows_win32_charge_fallback
2026-05-30 18:43:31,80.00,windows_win32_charge_fallback
2026-05-30 18:44:32,80.00,windows_win32_charge_fallback
2026-05-30 18:45:33,80.00,windows_win32_charge_fallback
2026-05-30 18:46:34,80.00,windows_win32_charge_fallback
2026-05-30 18:47:36,80.00,windows_win32_charge_fallback
2026-05-30 18:48:37,80.00,windows_win32_charge_fallback
2026-05-30 18:49:38,80.00,windows_win32_charge_fallback
2026-05-30 18:50:39,80.00,windows_win32_charge_fallback
2026-05-30 18:51:41,80.00,windows_win32_charge_fallback
2026-05-30 18:52:42,80.00,windows_win32_charge_fallback
2026-05-30 18:53:43,80.00,windows_win32_charge_fallback
2026-05-30 18:54:44,80.00,windows_win32_charge_fallback
2026-05-30 18:55:46,80.00,windows_win32_charge_fallback
2026-05-30 18:56:47,80.00,windows_win32_charge_fallback
2026-05-30 18:57:48,80.00,windows_win32_charge_fallback
2026-05-30 18:58:49,80.00,windows_win32_charge_fallback
2026-05-30 18:59:51,80.00,windows_win32_charge_fallback
2026-05-30 19:00:52,80.00,windows_win32_charge_fallback
2026-05-30 19:01:53,80.00,windows_win32_charge_fallback
2026-05-30 19:02:54,80.00,windows_win32_charge_fallback
2026-05-30 19:03:56,80.00,windows_win32_charge_fallback
2026-05-30 19:04:57,80.00,windows_win32_charge_fallback
2026-05-30 19:05:58,80.00,windows_win32_charge_fallback
2026-05-30 19:06:59,80.00,windows_win32_charge_fallback
2026-05-30 19:08:01,80.00,windows_win32_charge_fallback
2026-05-30 19:09:02,80.00,windows_win32_charge_fallback
2026-05-30 19:10:03,80.00,windows_win32_charge_fallback
2026-05-30 19:11:04,80.00,windows_win32_charge_fallback
2026-05-30 19:12:06,80.00,windows_win32_charge_fallback
2026-05-30 19:13:07,80.00,windows_win32_charge_fallback
2026-05-30 19:14:08,80.00,windows_win32_charge_fallback
2026-05-30 19:15:09,80.00,windows_win32_charge_fallback
2026-05-30 19:16:11,80.00,windows_win32_charge_fallback
2026-05-30 19:17:12,80.00,windows_win32_charge_fallback
2026-05-30 19:18:13,80.00,windows_win32_charge_fallback
2026-05-30 19:19:14,80.00,windows_win32_charge_fallback
2026-05-30 19:20:16,80.00,windows_win32_charge_fallback
2026-05-30 19:21:17,80.00,windows_win32_charge_fallback
2026-05-30 19:22:18,80.00,windows_win32_charge_fallback
2026-05-30 19:23:19,80.00,windows_win32_charge_fallback
2026-05-30 19:24:21,80.00,windows_win32_charge_fallback
2026-05-30 19:25:22,80.00,windows_win32_charge_fallback
2026-05-30 19:26:23,80.00,windows_win32_charge_fallback
2026-05-30 19:27:24,80.00,windows_win32_charge_fallback
2026-05-30 19:28:26,80.00,windows_win32_charge_fallback
2026-05-30 19:29:27,80.00,windows_win32_charge_fallback
2026-05-30 19:30:28,80.00,windows_win32_charge_fallback
2026-05-30 19:31:30,80.00,windows_win32_charge_fallback
2026-05-30 19:32:31,80.00,windows_win32_charge_fallback
2026-05-30 19:33:32,80.00,windows_win32_charge_fallback
2026-05-30 19:34:33,80.00,windows_win32_charge_fallback
2026-05-30 19:35:35,80.00,windows_win32_charge_fallback
2026-05-30 19:36:36,80.00,windows_win32_charge_fallback
2026-05-30 19:37:37,80.00,windows_win32_charge_fallback
2026-05-30 19:38:38,80.00,windows_win32_charge_fallback
2026-05-30 19:39:40,80.00,windows_win32_charge_fallback
2026-05-30 19:40:41,80.00,windows_win32_charge_fallback
2026-05-30 19:41:42,80.00,windows_win32_charge_fallback
2026-05-30 19:42:43,80.00,windows_win32_charge_fallback
2026-05-30 19:43:45,80.00,windows_win32_charge_fallback
2026-05-30 19:44:46,80.00,windows_win32_charge_fallback
2026-05-30 19:45:47,80.00,windows_win32_charge_fallback
2026-05-30 19:46:48,80.00,windows_win32_charge_fallback
2026-05-30 19:47:50,80.00,windows_win32_charge_fallback
2026-05-30 19:48:51,80.00,windows_win32_charge_fallback
2026-05-30 19:49:52,80.00,windows_win32_charge_fallback
2026-05-30 19:50:54,80.00,windows_win32_charge_fallback
2026-05-30 19:51:55,80.00,windows_win32_charge_fallback
2026-05-30 19:52:56,80.00,windows_win32_charge_fallback
2026-05-30 19:53:57,80.00,windows_win32_charge_fallback
2026-05-30 19:54:59,80.00,windows_win32_charge_fallback
2026-05-30 19:56:00,80.00,windows_win32_charge_fallback
2026-05-30 19:57:01,80.00,windows_win32_charge_fallback
2026-05-30 19:58:02,80.00,windows_win32_charge_fallback
2026-05-30 19:59:04,80.00,windows_win32_charge_fallback
2026-05-30 20:00:05,80.00,windows_win32_charge_fallback
2026-05-30 20:01:06,80.00,windows_win32_charge_fallback
2026-05-30 20:02:07,80.00,windows_win32_charge_fallback
2026-05-30 20:03:09,80.00,windows_win32_charge_fallback
2026-05-30 20:04:10,80.00,windows_win32_charge_fallback
2026-05-30 20:05:11,80.00,windows_win32_charge_fallback
2026-05-30 20:06:12,80.00,windows_win32_charge_fallback
2026-05-30 20:07:14,80.00,windows_win32_charge_fallback
2026-05-30 20:08:15,80.00,windows_win32_charge_fallback
2026-05-30 20:09:16,80.00,windows_win32_charge_fallback
2026-05-30 20:10:17,80.00,windows_win32_charge_fallback
2026-05-30 20:11:19,80.00,windows_win32_charge_fallback
2026-05-30 20:12:20,80.00,windows_win32_charge_fallback
2026-05-30 20:13:21,80.00,windows_win32_charge_fallback
2026-05-30 20:14:22,80.00,windows_win32_charge_fallback
2026-05-30 20:15:24,80.00,windows_win32_charge_fallback
2026-05-30 20:16:25,80.00,windows_win32_charge_fallback
2026-05-30 20:17:26,80.00,windows_win32_charge_fallback
2026-05-30 20:18:27,80.00,windows_win32_charge_fallback
2026-05-30 20:19:29,80.00,windows_win32_charge_fallback
2026-05-30 20:20:30,80.00,windows_win32_charge_fallback
2026-05-30 20:21:31,80.00,windows_win32_charge_fallback
2026-05-30 20:22:32,80.00,windows_win32_charge_fallback
2026-05-30 20:23:34,80.00,windows_win32_charge_fallback
2026-05-30 20:24:35,80.00,windows_win32_charge_fallback
2026-05-30 20:25:36,80.00,windows_win32_charge_fallback
2026-05-30 20:26:37,80.00,windows_win32_charge_fallback
2026-05-30 20:27:39,80.00,windows_win32_charge_fallback
2026-05-30 20:28:40,80.00,windows_win32_charge_fallback
2026-05-30 20:29:41,80.00,windows_win32_charge_fallback
2026-05-30 20:30:42,80.00,windows_win32_charge_fallback
2026-05-30 20:31:44,80.00,windows_win32_charge_fallback
2026-05-30 20:32:45,80.00,windows_win32_charge_fallback
2026-05-30 20:33:46,80.00,windows_win32_charge_fallback
2026-05-30 20:34:47,80.00,windows_win32_charge_fallback
2026-05-30 20:35:49,80.00,windows_win32_charge_fallback
2026-05-30 20:36:50,80.00,windows_win32_charge_fallback
2026-05-30 20:37:51,80.00,windows_win32_charge_fallback
2026-05-30 20:38:52,80.00,windows_win32_charge_fallback
2026-05-30 20:39:54,80.00,windows_win32_charge_fallback
2026-05-30 20:40:55,80.00,windows_win32_charge_fallback
2026-05-30 20:41:56,80.00,windows_win32_charge_fallback
2026-05-30 20:42:57,80.00,windows_win32_charge_fallback
2026-05-30 20:43:59,80.00,windows_win32_charge_fallback
2026-05-30 20:45:00,80.00,windows_win32_charge_fallback
2026-05-30 20:46:01,80.00,windows_win32_charge_fallback
2026-05-30 20:47:02,80.00,windows_win32_charge_fallback
2026-05-30 20:48:04,80.00,windows_win32_charge_fallback
2026-05-30 20:49:05,80.00,windows_win32_charge_fallback
2026-05-30 20:50:06,80.00,windows_win32_charge_fallback
2026-05-30 20:51:07,80.00,windows_win32_charge_fallback
2026-05-30 20:52:09,80.00,windows_win32_charge_fallback
2026-05-30 20:53:10,80.00,windows_win32_charge_fallback
2026-05-30 20:54:11,80.00,windows_win32_charge_fallback
2026-05-30 20:55:13,80.00,windows_win32_charge_fallback
2026-05-30 20:56:14,80.00,windows_win32_charge_fallback
2026-05-30 20:57:15,80.00,windows_win32_charge_fallback
2026-05-30 20:58:16,80.00,windows_win32_charge_fallback
2026-05-30 20:59:18,80.00,windows_win32_charge_fallback
2026-05-30 21:00:19,80.00,windows_win32_charge_fallback
2026-05-30 21:01:20,80.00,windows_win32_charge_fallback
2026-05-30 21:02:21,80.00,windows_win32_charge_fallback
2026-05-30 21:03:23,80.00,windows_win32_charge_fallback
2026-05-30 21:04:24,80.00,windows_win32_charge_fallback
2026-05-30 21:05:25,80.00,windows_win32_charge_fallback
2026-05-30 21:06:26,80.00,windows_win32_charge_fallback
2026-05-30 21:07:28,80.00,windows_win32_charge_fallback
2026-05-30 21:08:29,80.00,windows_win32_charge_fallback
2026-05-30 21:09:30,80.00,windows_win32_charge_fallback
2026-05-30 21:10:31,80.00,windows_win32_charge_fallback
2026-05-30 21:11:33,80.00,windows_win32_charge_fallback
2026-05-30 21:12:34,80.00,windows_win32_charge_fallback
2026-05-30 21:13:35,80.00,windows_win32_charge_fallback
2026-05-30 21:14:36,80.00,windows_win32_charge_fallback
2026-05-30 21:15:38,80.00,windows_win32_charge_fallback
2026-05-30 21:16:39,80.00,windows_win32_charge_fallback
2026-05-30 21:17:40,80.00,windows_win32_charge_fallback
2026-05-30 21:18:41,80.00,windows_win32_charge_fallback
2026-05-30 21:19:43,80.00,windows_win32_charge_fallback
2026-05-30 21:20:44,80.00,windows_win32_charge_fallback
2026-05-30 21:21:45,80.00,windows_win32_charge_fallback
2026-05-30 21:22:46,80.00,windows_win32_charge_fallback
2026-05-30 21:23:48,80.00,windows_win32_charge_fallback
2026-05-30 21:24:49,80.00,windows_win32_charge_fallback
2026-05-30 21:25:50,80.00,windows_win32_charge_fallback
2026-05-30 21:26:52,80.00,windows_win32_charge_fallback
2026-05-30 21:27:53,80.00,windows_win32_charge_fallback
2026-05-30 21:28:54,80.00,windows_win32_charge_fallback
2026-05-30 21:29:55,80.00,windows_win32_charge_fallback
2026-05-30 21:30:57,80.00,windows_win32_charge_fallback
2026-05-30 21:31:58,80.00,windows_win32_charge_fallback
2026-05-30 21:32:59,80.00,windows_win32_charge_fallback
2026-05-30 21:34:00,80.00,windows_win32_charge_fallback
2026-05-30 21:35:02,80.00,windows_win32_charge_fallback
2026-05-30 21:36:03,80.00,windows_win32_charge_fallback
2026-05-30 21:37:04,80.00,windows_win32_charge_fallback
2026-05-30 21:38:05,80.00,windows_win32_charge_fallback
2026-05-30 21:39:07,80.00,windows_win32_charge_fallback
2026-05-30 21:40:08,80.00,windows_win32_charge_fallback
2026-05-30 21:41:09,80.00,windows_win32_charge_fallback
2026-05-30 21:42:10,80.00,windows_win32_charge_fallback
2026-05-30 21:43:12,80.00,windows_win32_charge_fallback
2026-05-30 21:44:13,80.00,windows_win32_charge_fallback
2026-05-30 21:45:14,80.00,windows_win32_charge_fallback
2026-05-30 21:46:15,80.00,windows_win32_charge_fallback
2026-05-30 21:47:17,80.00,windows_win32_charge_fallback
2026-05-30 21:48:18,80.00,windows_win32_charge_fallback
2026-05-30 21:49:19,80.00,windows_win32_charge_fallback
2026-05-30 21:50:20,80.00,windows_win32_charge_fallback
2026-05-30 21:51:22,80.00,windows_win32_charge_fallback
2026-05-30 21:52:23,80.00,windows_win32_charge_fallback
2026-05-30 21:53:24,80.00,windows_win32_charge_fallback
2026-05-30 21:54:25,80.00,windows_win32_charge_fallback
2026-05-30 21:55:27,80.00,windows_win32_charge_fallback
2026-05-30 21:56:28,80.00,windows_win32_charge_fallback
2026-05-30 21:57:29,80.00,windows_win32_charge_fallback
2026-05-30 21:58:31,80.00,windows_win32_charge_fallback
2026-05-30 21:59:32,80.00,windows_win32_charge_fallback
2026-05-30 22:00:33,80.00,windows_win32_charge_fallback
2026-05-30 22:01:34,80.00,windows_win32_charge_fallback
2026-05-30 22:02:36,80.00,windows_win32_charge_fallback
2026-05-30 22:03:37,80.00,windows_win32_charge_fallback
2026-05-30 22:04:38,80.00,windows_win32_charge_fallback
2026-05-30 22:05:39,80.00,windows_win32_charge_fallback
2026-05-30 22:06:41,80.00,windows_win32_charge_fallback
2026-05-30 22:07:42,80.00,windows_win32_charge_fallback
2026-05-30 22:08:43,80.00,windows_win32_charge_fallback
2026-05-30 22:09:44,80.00,windows_win32_charge_fallback
2026-05-30 22:10:46,80.00,windows_win32_charge_fallback
2026-05-30 22:11:47,80.00,windows_win32_charge_fallback
2026-05-30 22:12:48,80.00,windows_win32_charge_fallback
2026-05-30 22:13:49,80.00,windows_win32_charge_fallback
2026-05-30 22:14:51,80.00,windows_win32_charge_fallback
2026-05-30 22:15:52,80.00,windows_win32_charge_fallback
2026-05-30 22:16:53,80.00,windows_win32_charge_fallback
2026-05-30 22:17:54,80.00,windows_win32_charge_fallback
2026-05-30 22:18:56,80.00,windows_win32_charge_fallback
2026-05-30 22:19:57,80.00,windows_win32_charge_fallback
2026-05-30 22:20:58,80.00,windows_win32_charge_fallback
2026-05-30 22:21:59,80.00,windows_win32_charge_fallback
2026-05-30 22:23:01,80.00,windows_win32_charge_fallback
2026-05-30 22:24:02,80.00,windows_win32_charge_fallback
2026-05-30 22:25:03,80.00,windows_win32_charge_fallback
2026-05-30 22:26:04,80.00,windows_win32_charge_fallback
2026-05-30 22:27:06,80.00,windows_win32_charge_fallback
2026-05-30 22:28:07,80.00,windows_win32_charge_fallback
2026-05-30 22:29:08,80.00,windows_win32_charge_fallback
2026-05-30 22:30:09,80.00,windows_win32_charge_fallback
2026-05-30 22:31:11,80.00,windows_win32_charge_fallback
2026-05-30 22:32:12,80.00,windows_win32_charge_fallback
2026-05-30 22:33:13,80.00,windows_win32_charge_fallback
2026-05-30 22:34:14,80.00,windows_win32_charge_fallback
2026-05-30 22:35:16,80.00,windows_win32_charge_fallback
2026-05-30 22:36:17,80.00,windows_win32_charge_fallback
2026-05-30 22:37:18,80.00,windows_win32_charge_fallback
2026-05-30 22:38:19,80.00,windows_win32_charge_fallback
2026-05-30 22:39:21,80.00,windows_win32_charge_fallback
2026-05-30 22:40:22,80.00,windows_win32_charge_fallback
2026-05-30 22:41:23,80.00,windows_win32_charge_fallback
2026-05-30 22:42:25,80.00,windows_win32_charge_fallback
2026-05-30 22:43:27,80.00,windows_win32_charge_fallback
2026-05-30 22:44:28,80.00,windows_win32_charge_fallback
2026-05-30 22:45:29,80.00,windows_win32_charge_fallback
2026-05-30 22:46:30,80.00,windows_win32_charge_fallback
2026-05-30 22:47:32,80.00,windows_win32_charge_fallback
2026-05-30 22:48:33,80.00,windows_win32_charge_fallback
2026-05-30 22:49:34,80.00,windows_win32_charge_fallback
2026-05-30 22:50:35,80.00,windows_win32_charge_fallback
2026-05-30 22:51:37,80.00,windows_win32_charge_fallback
2026-05-30 22:52:38,80.00,windows_win32_charge_fallback
2026-05-30 22:53:39,80.00,windows_win32_charge_fallback
2026-05-30 22:54:40,80.00,windows_win32_charge_fallback
2026-05-30 22:55:42,80.00,windows_win32_charge_fallback
2026-05-30 22:56:43,80.00,windows_win32_charge_fallback
2026-05-30 22:57:44,80.00,windows_win32_charge_fallback
2026-05-30 22:58:45,80.00,windows_win32_charge_fallback
2026-05-30 22:59:47,80.00,windows_win32_charge_fallback
2026-05-30 23:00:48,80.00,windows_win32_charge_fallback
2026-05-30 23:01:49,80.00,windows_win32_charge_fallback
2026-05-30 23:02:50,80.00,windows_win32_charge_fallback
2026-05-30 23:03:52,80.00,windows_win32_charge_fallback
2026-05-30 23:04:53,80.00,windows_win32_charge_fallback
2026-05-30 23:05:54,80.00,windows_win32_charge_fallback
2026-05-30 23:06:55,80.00,windows_win32_charge_fallback
2026-05-30 23:07:57,80.00,windows_win32_charge_fallback
2026-05-30 23:08:58,80.00,windows_win32_charge_fallback
2026-05-30 23:09:59,80.00,windows_win32_charge_fallback
2026-05-30 23:11:00,80.00,windows_win32_charge_fallback
2026-05-30 23:12:02,80.00,windows_win32_charge_fallback
2026-05-30 23:13:03,80.00,windows_win32_charge_fallback
2026-05-30 23:14:04,80.00,windows_win32_charge_fallback
2026-05-30 23:15:05,80.00,windows_win32_charge_fallback
2026-05-30 23:16:07,80.00,windows_win32_charge_fallback
2026-05-30 23:17:08,80.00,windows_win32_charge_fallback
2026-05-30 23:18:09,80.00,windows_win32_charge_fallback
2026-05-30 23:19:10,80.00,windows_win32_charge_fallback
2026-05-30 23:20:12,80.00,windows_win32_charge_fallback
2026-05-30 23:21:13,80.00,windows_win32_charge_fallback
2026-05-30 23:22:14,80.00,windows_win32_charge_fallback
2026-05-30 23:23:15,80.00,windows_win32_charge_fallback
2026-05-30 23:24:17,80.00,windows_win32_charge_fallback
2026-05-30 23:25:18,80.00,windows_win32_charge_fallback
2026-05-30 23:26:19,80.00,windows_win32_charge_fallback
2026-05-30 23:27:20,80.00,windows_win32_charge_fallback
2026-05-30 23:28:22,80.00,windows_win32_charge_fallback
2026-05-30 23:29:23,80.00,windows_win32_charge_fallback
2026-05-30 23:30:24,80.00,windows_win32_charge_fallback
2026-05-30 23:31:25,80.00,windows_win32_charge_fallback
2026-05-30 23:32:27,80.00,windows_win32_charge_fallback
2026-05-30 23:33:28,80.00,windows_win32_charge_fallback
2026-05-30 23:34:29,80.00,windows_win32_charge_fallback
2026-05-30 23:35:30,80.00,windows_win32_charge_fallback
2026-05-30 23:36:32,80.00,windows_win32_charge_fallback
2026-05-30 23:37:33,80.00,windows_win32_charge_fallback
2026-05-30 23:38:34,80.00,windows_win32_charge_fallback
2026-05-30 23:39:35,80.00,windows_win32_charge_fallback
2026-05-30 23:40:37,80.00,windows_win32_charge_fallback
2026-05-30 23:41:38,80.00,windows_win32_charge_fallback
2026-05-30 23:42:39,80.00,windows_win32_charge_fallback
2026-05-30 23:43:40,80.00,windows_win32_charge_fallback
2026-05-30 23:44:42,80.00,windows_win32_charge_fallback
2026-05-30 23:45:43,80.00,windows_win32_charge_fallback
2026-05-30 23:46:44,80.00,windows_win32_charge_fallback
2026-05-30 23:47:45,80.00,windows_win32_charge_fallback
2026-05-30 23:48:47,80.00,windows_win32_charge_fallback
2026-05-30 23:49:48,80.00,windows_win32_charge_fallback
2026-05-30 23:50:49,80.00,windows_win32_charge_fallback
2026-05-30 23:51:50,80.00,windows_win32_charge_fallback
2026-05-30 23:52:52,80.00,windows_win32_charge_fallback
2026-05-30 23:53:53,80.00,windows_win32_charge_fallback
2026-05-30 23:54:54,80.00,windows_win32_charge_fallback
2026-05-30 23:55:55,80.00,windows_win32_charge_fallback
2026-05-30 23:56:57,80.00,windows_win32_charge_fallback
2026-05-30 23:57:58,80.00,windows_win32_charge_fallback
2026-05-30 23:58:59,80.00,windows_win32_charge_fallback
2026-05-31 00:00:00,80.00,windows_win32_charge_fallback
2026-05-31 00:01:02,80.00,windows_win32_charge_fallback
2026-05-31 00:02:03,80.00,windows_win32_charge_fallback
2026-05-31 00:03:04,80.00,windows_win32_charge_fallback
2026-05-31 00:04:05,80.00,windows_win32_charge_fallback
2026-05-31 00:05:07,80.00,windows_win32_charge_fallback
2026-05-31 00:06:08,80.00,windows_win32_charge_fallback
2026-05-31 00:07:09,80.00,windows_win32_charge_fallback
2026-05-31 00:08:10,80.00,windows_win32_charge_fallback
2026-05-31 00:09:12,80.00,windows_win32_charge_fallback
2026-05-31 00:10:13,80.00,windows_win32_charge_fallback
2026-05-31 00:11:14,80.00,windows_win32_charge_fallback
2026-05-31 00:12:15,80.00,windows_win32_charge_fallback
2026-05-31 00:13:17,80.00,windows_win32_charge_fallback
2026-05-31 00:14:18,80.00,windows_win32_charge_fallback
2026-05-31 00:15:19,80.00,windows_win32_charge_fallback
2026-05-31 00:16:20,80.00,windows_win32_charge_fallback
2026-05-31 00:17:21,80.00,windows_win32_charge_fallback
2026-05-31 00:18:23,80.00,windows_win32_charge_fallback
2026-05-31 00:19:24,80.00,windows_win32_charge_fallback
2026-05-31 00:20:25,80.00,windows_win32_charge_fallback
2026-05-31 00:21:26,80.00,windows_win32_charge_fallback
2026-05-31 00:22:28,80.00,windows_win32_charge_fallback
2026-05-31 00:23:29,80.00,windows_win32_charge_fallback
2026-05-31 00:24:30,80.00,windows_win32_charge_fallback
2026-05-31 00:25:31,80.00,windows_win32_charge_fallback
2026-05-31 00:26:33,80.00,windows_win32_charge_fallback
2026-05-31 00:27:34,80.00,windows_win32_charge_fallback
2026-05-31 00:28:35,80.00,windows_win32_charge_fallback
2026-05-31 00:29:36,80.00,windows_win32_charge_fallback
2026-05-31 00:30:38,80.00,windows_win32_charge_fallback
2026-05-31 00:31:39,80.00,windows_win32_charge_fallback
2026-05-31 00:32:40,80.00,windows_win32_charge_fallback
2026-05-31 00:33:41,80.00,windows_win32_charge_fallback
2026-05-31 00:34:43,80.00,windows_win32_charge_fallback
2026-05-31 00:35:44,80.00,windows_win32_charge_fallback
2026-05-31 00:36:45,80.00,windows_win32_charge_fallback
2026-05-31 00:37:46,80.00,windows_win32_charge_fallback
2026-05-31 00:38:48,80.00,windows_win32_charge_fallback
2026-05-31 00:39:49,80.00,windows_win32_charge_fallback
2026-05-31 00:40:50,80.00,windows_win32_charge_fallback
2026-05-31 00:41:51,80.00,windows_win32_charge_fallback
2026-05-31 00:42:52,80.00,windows_win32_charge_fallback
2026-05-31 00:43:54,80.00,windows_win32_charge_fallback
2026-05-31 00:44:55,80.00,windows_win32_charge_fallback
2026-05-31 00:45:56,80.00,windows_win32_charge_fallback
2026-05-31 00:46:58,80.00,windows_win32_charge_fallback
2026-05-31 00:47:59,80.00,windows_win32_charge_fallback
2026-05-31 00:49:00,80.00,windows_win32_charge_fallback
2026-05-31 00:50:01,80.00,windows_win32_charge_fallback
2026-05-31 00:51:02,80.00,windows_win32_charge_fallback
2026-05-31 00:52:04,80.00,windows_win32_charge_fallback
2026-05-31 00:53:05,80.00,windows_win32_charge_fallback
2026-05-31 00:54:06,80.00,windows_win32_charge_fallback
2026-05-31 00:55:07,80.00,windows_win32_charge_fallback
2026-05-31 00:56:09,80.00,windows_win32_charge_fallback
2026-05-31 00:57:10,80.00,windows_win32_charge_fallback
2026-05-31 00:58:11,80.00,windows_win32_charge_fallback
2026-05-31 00:59:12,80.00,windows_win32_charge_fallback
2026-05-31 01:00:14,80.00,windows_win32_charge_fallback
2026-05-31 01:01:15,80.00,windows_win32_charge_fallback
2026-05-31 01:02:16,80.00,windows_win32_charge_fallback
2026-05-31 01:03:17,80.00,windows_win32_charge_fallback
2026-05-31 01:04:18,80.00,windows_win32_charge_fallback
2026-05-31 01:05:20,80.00,windows_win32_charge_fallback
2026-05-31 01:06:21,80.00,windows_win32_charge_fallback
2026-05-31 01:07:22,80.00,windows_win32_charge_fallback
2026-05-31 01:08:23,80.00,windows_win32_charge_fallback
2026-05-31 01:09:25,80.00,windows_win32_charge_fallback
2026-05-31 01:10:26,80.00,windows_win32_charge_fallback
2026-05-31 01:11:27,80.00,windows_win32_charge_fallback
2026-05-31 01:12:28,80.00,windows_win32_charge_fallback
2026-05-31 01:13:30,80.00,windows_win32_charge_fallback
2026-05-31 01:14:31,80.00,windows_win32_charge_fallback
2026-05-31 01:15:32,80.00,windows_win32_charge_fallback
2026-05-31 01:16:34,80.00,windows_win32_charge_fallback
2026-05-31 01:17:35,80.00,windows_win32_charge_fallback
2026-05-31 01:18:36,80.00,windows_win32_charge_fallback
2026-05-31 01:19:37,80.00,windows_win32_charge_fallback
2026-05-31 01:20:39,80.00,windows_win32_charge_fallback
2026-05-31 01:21:40,80.00,windows_win32_charge_fallback
2026-05-31 01:22:41,80.00,windows_win32_charge_fallback
2026-05-31 01:23:42,80.00,windows_win32_charge_fallback
2026-05-31 01:24:43,80.00,windows_win32_charge_fallback
2026-05-31 01:25:45,80.00,windows_win32_charge_fallback
2026-05-31 01:26:46,80.00,windows_win32_charge_fallback
2026-05-31 01:27:47,80.00,windows_win32_charge_fallback
2026-05-31 01:28:48,80.00,windows_win32_charge_fallback
2026-05-31 01:29:50,80.00,windows_win32_charge_fallback
2026-05-31 01:30:51,80.00,windows_win32_charge_fallback
2026-05-31 01:31:52,80.00,windows_win32_charge_fallback
2026-05-31 01:32:54,80.00,windows_win32_charge_fallback
2026-05-31 01:33:55,80.00,windows_win32_charge_fallback
2026-05-31 01:34:56,80.00,windows_win32_charge_fallback
2026-05-31 01:35:57,80.00,windows_win32_charge_fallback
2026-05-31 01:36:59,80.00,windows_win32_charge_fallback
2026-05-31 01:38:00,80.00,windows_win32_charge_fallback
2026-05-31 01:39:01,80.00,windows_win32_charge_fallback
2026-05-31 01:40:02,80.00,windows_win32_charge_fallback
2026-05-31 01:41:04,80.00,windows_win32_charge_fallback
2026-05-31 01:42:05,80.00,windows_win32_charge_fallback
2026-05-31 01:43:06,80.00,windows_win32_charge_fallback
2026-05-31 01:44:08,80.00,windows_win32_charge_fallback
2026-05-31 01:45:09,80.00,windows_win32_charge_fallback
2026-05-31 01:46:10,80.00,windows_win32_charge_fallback
2026-05-31 01:47:11,80.00,windows_win32_charge_fallback
2026-05-31 01:48:13,80.00,windows_win32_charge_fallback
2026-05-31 01:49:14,80.00,windows_win32_charge_fallback
2026-05-31 01:50:15,80.00,windows_win32_charge_fallback
2026-05-31 01:51:16,80.00,windows_win32_charge_fallback
2026-05-31 01:52:18,80.00,windows_win32_charge_fallback
2026-05-31 01:53:19,80.00,windows_win32_charge_fallback
2026-05-31 01:54:20,80.00,windows_win32_charge_fallback
2026-05-31 01:55:21,80.00,windows_win32_charge_fallback
2026-05-31 01:56:23,80.00,windows_win32_charge_fallback
2026-05-31 01:57:24,80.00,windows_win32_charge_fallback
2026-05-31 01:58:25,80.00,windows_win32_charge_fallback
2026-05-31 01:59:27,80.00,windows_win32_charge_fallback
2026-05-31 02:00:28,80.00,windows_win32_charge_fallback
2026-05-31 02:01:29,80.00,windows_win32_charge_fallback
2026-05-31 02:02:30,80.00,windows_win32_charge_fallback
2026-05-31 02:03:32,80.00,windows_win32_charge_fallback
2026-05-31 02:04:33,80.00,windows_win32_charge_fallback
2026-05-31 02:05:34,80.00,windows_win32_charge_fallback
2026-05-31 02:06:35,80.00,windows_win32_charge_fallback
2026-05-31 02:07:37,80.00,windows_win32_charge_fallback
2026-05-31 02:08:38,80.00,windows_win32_charge_fallback
2026-05-31 02:09:39,80.00,windows_win32_charge_fallback
2026-05-31 02:10:40,80.00,windows_win32_charge_fallback
2026-05-31 02:11:42,80.00,windows_win32_charge_fallback
2026-05-31 02:12:43,80.00,windows_win32_charge_fallback
2026-05-31 02:13:44,80.00,windows_win32_charge_fallback
2026-05-31 02:14:45,80.00,windows_win32_charge_fallback
2026-05-31 02:15:46,80.00,windows_win32_charge_fallback
2026-05-31 02:16:48,80.00,windows_win32_charge_fallback
2026-05-31 02:17:49,80.00,windows_win32_charge_fallback
2026-05-31 02:18:50,80.00,windows_win32_charge_fallback
2026-05-31 02:19:52,80.00,windows_win32_charge_fallback
2026-05-31 02:20:53,80.00,windows_win32_charge_fallback
2026-05-31 02:21:54,80.00,windows_win32_charge_fallback
2026-05-31 02:22:55,80.00,windows_win32_charge_fallback
2026-05-31 02:23:57,80.00,windows_win32_charge_fallback
2026-05-31 02:24:58,80.00,windows_win32_charge_fallback
2026-05-31 02:25:59,80.00,windows_win32_charge_fallback
2026-05-31 02:27:00,80.00,windows_win32_charge_fallback
2026-05-31 02:28:02,80.00,windows_win32_charge_fallback
2026-05-31 02:29:03,80.00,windows_win32_charge_fallback
2026-05-31 02:30:04,80.00,windows_win32_charge_fallback
2026-05-31 02:31:05,80.00,windows_win32_charge_fallback
2026-05-31 02:32:07,80.00,windows_win32_charge_fallback
2026-05-31 02:33:08,80.00,windows_win32_charge_fallback
2026-05-31 02:34:09,80.00,windows_win32_charge_fallback
2026-05-31 02:35:10,80.00,windows_win32_charge_fallback
2026-05-31 02:36:11,80.00,windows_win32_charge_fallback
2026-05-31 02:37:13,80.00,windows_win32_charge_fallback
2026-05-31 02:38:14,80.00,windows_win32_charge_fallback
2026-05-31 02:39:15,80.00,windows_win32_charge_fallback
2026-05-31 02:40:17,80.00,windows_win32_charge_fallback
2026-05-31 02:41:18,80.00,windows_win32_charge_fallback
2026-05-31 02:42:19,80.00,windows_win32_charge_fallback
2026-05-31 02:43:20,80.00,windows_win32_charge_fallback
2026-05-31 02:44:22,80.00,windows_win32_charge_fallback
2026-05-31 02:45:23,80.00,windows_win32_charge_fallback
2026-05-31 02:46:24,80.00,windows_win32_charge_fallback
2026-05-31 02:47:25,80.00,windows_win32_charge_fallback
2026-05-31 02:48:27,80.00,windows_win32_charge_fallback
2026-05-31 02:49:28,80.00,windows_win32_charge_fallback
2026-05-31 02:50:29,80.00,windows_win32_charge_fallback
2026-05-31 02:51:31,80.00,windows_win32_charge_fallback
2026-05-31 02:52:32,80.00,windows_win32_charge_fallback
2026-05-31 02:53:33,80.00,windows_win32_charge_fallback
2026-05-31 02:54:34,80.00,windows_win32_charge_fallback
2026-05-31 02:55:36,80.00,windows_win32_charge_fallback
2026-05-31 02:56:37,80.00,windows_win32_charge_fallback
2026-05-31 02:57:38,80.00,windows_win32_charge_fallback
2026-05-31 02:58:39,80.00,windows_win32_charge_fallback
2026-05-31 02:59:41,80.00,windows_win32_charge_fallback
2026-05-31 03:00:42,80.00,windows_win32_charge_fallback
2026-05-31 03:01:43,80.00,windows_win32_charge_fallback
2026-05-31 03:02:44,80.00,windows_win32_charge_fallback
2026-05-31 03:03:46,80.00,windows_win32_charge_fallback
2026-05-31 03:04:47,80.00,windows_win32_charge_fallback
2026-05-31 03:05:48,80.00,windows_win32_charge_fallback
2026-05-31 03:06:49,80.00,windows_win32_charge_fallback
2026-05-31 03:07:51,80.00,windows_win32_charge_fallback
2026-05-31 03:08:52,80.00,windows_win32_charge_fallback
2026-05-31 03:09:53,80.00,windows_win32_charge_fallback
2026-05-31 03:10:54,80.00,windows_win32_charge_fallback
2026-05-31 03:11:56,80.00,windows_win32_charge_fallback
2026-05-31 03:12:57,80.00,windows_win32_charge_fallback
2026-05-31 03:13:58,80.00,windows_win32_charge_fallback
2026-05-31 03:14:59,80.00,windows_win32_charge_fallback
2026-05-31 03:16:01,80.00,windows_win32_charge_fallback
2026-05-31 03:17:02,80.00,windows_win32_charge_fallback
2026-05-31 03:18:03,80.00,windows_win32_charge_fallback
2026-05-31 03:19:04,80.00,windows_win32_charge_fallback
2026-05-31 03:20:06,80.00,windows_win32_charge_fallback
2026-05-31 03:21:07,80.00,windows_win32_charge_fallback
2026-05-31 03:22:08,80.00,windows_win32_charge_fallback
2026-05-31 03:23:09,80.00,windows_win32_charge_fallback
2026-05-31 03:24:11,80.00,windows_win32_charge_fallback
2026-05-31 03:25:12,80.00,windows_win32_charge_fallback
2026-05-31 03:26:13,80.00,windows_win32_charge_fallback
2026-05-31 03:27:14,80.00,windows_win32_charge_fallback
2026-05-31 03:28:16,80.00,windows_win32_charge_fallback
2026-05-31 03:29:17,80.00,windows_win32_charge_fallback
2026-05-31 03:30:18,80.00,windows_win32_charge_fallback
2026-05-31 03:31:19,80.00,windows_win32_charge_fallback
2026-05-31 03:32:21,80.00,windows_win32_charge_fallback
2026-05-31 03:33:22,80.00,windows_win32_charge_fallback
2026-05-31 03:34:23,80.00,windows_win32_charge_fallback
2026-05-31 03:35:24,80.00,windows_win32_charge_fallback
2026-05-31 03:36:26,80.00,windows_win32_charge_fallback
2026-05-31 03:37:27,80.00,windows_win32_charge_fallback
2026-05-31 03:38:28,80.00,windows_win32_charge_fallback
2026-05-31 03:39:29,80.00,windows_win32_charge_fallback
2026-05-31 03:40:31,80.00,windows_win32_charge_fallback
2026-05-31 03:41:32,80.00,windows_win32_charge_fallback
2026-05-31 03:42:33,80.00,windows_win32_charge_fallback
2026-05-31 03:43:34,80.00,windows_win32_charge_fallback
2026-05-31 03:44:36,80.00,windows_win32_charge_fallback
2026-05-31 03:45:37,80.00,windows_win32_charge_fallback
2026-05-31 03:46:38,80.00,windows_win32_charge_fallback
2026-05-31 03:47:40,80.00,windows_win32_charge_fallback
2026-05-31 03:48:41,80.00,windows_win32_charge_fallback
2026-05-31 03:49:42,80.00,windows_win32_charge_fallback
2026-05-31 03:50:43,80.00,windows_win32_charge_fallback
2026-05-31 03:51:45,80.00,windows_win32_charge_fallback
2026-05-31 03:52:46,80.00,windows_win32_charge_fallback
2026-05-31 03:53:47,80.00,windows_win32_charge_fallback
2026-05-31 03:54:48,80.00,windows_win32_charge_fallback
2026-05-31 03:55:50,80.00,windows_win32_charge_fallback
2026-05-31 03:56:51,80.00,windows_win32_charge_fallback
2026-05-31 03:57:52,80.00,windows_win32_charge_fallback
2026-05-31 03:58:53,80.00,windows_win32_charge_fallback
2026-05-31 03:59:55,80.00,windows_win32_charge_fallback
2026-05-31 04:00:56,80.00,windows_win32_charge_fallback
2026-05-31 04:01:57,80.00,windows_win32_charge_fallback
2026-05-31 04:02:58,80.00,windows_win32_charge_fallback
2026-05-31 04:04:00,80.00,windows_win32_charge_fallback
2026-05-31 04:05:01,80.00,windows_win32_charge_fallback
2026-05-31 04:06:02,80.00,windows_win32_charge_fallback
2026-05-31 04:07:03,80.00,windows_win32_charge_fallback
2026-05-31 04:08:05,80.00,windows_win32_charge_fallback
2026-05-31 04:09:06,80.00,windows_win32_charge_fallback
2026-05-31 04:10:07,80.00,windows_win32_charge_fallback
2026-05-31 04:11:08,80.00,windows_win32_charge_fallback
2026-05-31 04:12:10,80.00,windows_win32_charge_fallback
2026-05-31 04:13:11,80.00,windows_win32_charge_fallback
2026-05-31 04:14:12,80.00,windows_win32_charge_fallback
2026-05-31 04:15:13,80.00,windows_win32_charge_fallback
2026-05-31 04:16:15,80.00,windows_win32_charge_fallback
2026-05-31 04:17:16,80.00,windows_win32_charge_fallback
2026-05-31 04:18:17,80.00,windows_win32_charge_fallback
2026-05-31 04:19:18,80.00,windows_win32_charge_fallback
2026-05-31 04:20:20,80.00,windows_win32_charge_fallback
2026-05-31 04:21:21,80.00,windows_win32_charge_fallback
2026-05-31 04:22:22,80.00,windows_win32_charge_fallback
2026-05-31 04:23:24,80.00,windows_win32_charge_fallback
2026-05-31 04:24:25,80.00,windows_win32_charge_fallback
2026-05-31 04:25:26,80.00,windows_win32_charge_fallback
2026-05-31 04:26:27,80.00,windows_win32_charge_fallback
2026-05-31 04:27:29,80.00,windows_win32_charge_fallback
2026-05-31 04:28:30,80.00,windows_win32_charge_fallback
2026-05-31 04:29:31,80.00,windows_win32_charge_fallback
2026-05-31 04:30:32,80.00,windows_win32_charge_fallback
2026-05-31 04:31:34,80.00,windows_win32_charge_fallback
2026-05-31 04:32:35,80.00,windows_win32_charge_fallback
2026-05-31 04:33:36,80.00,windows_win32_charge_fallback
2026-05-31 04:34:37,80.00,windows_win32_charge_fallback
2026-05-31 04:35:39,80.00,windows_win32_charge_fallback
2026-05-31 04:36:40,80.00,windows_win32_charge_fallback
2026-05-31 04:37:41,80.00,windows_win32_charge_fallback
2026-05-31 04:38:43,80.00,windows_win32_charge_fallback
2026-05-31 04:39:44,80.00,windows_win32_charge_fallback
2026-05-31 04:40:45,80.00,windows_win32_charge_fallback
2026-05-31 04:41:47,80.00,windows_win32_charge_fallback
2026-05-31 04:42:48,80.00,windows_win32_charge_fallback
2026-05-31 04:43:49,80.00,windows_win32_charge_fallback
2026-05-31 04:44:50,80.00,windows_win32_charge_fallback
2026-05-31 04:45:52,80.00,windows_win32_charge_fallback
2026-05-31 04:46:53,80.00,windows_win32_charge_fallback
2026-05-31 04:47:54,80.00,windows_win32_charge_fallback
2026-05-31 04:48:56,80.00,windows_win32_charge_fallback
2026-05-31 04:49:57,80.00,windows_win32_charge_fallback
2026-05-31 04:50:58,80.00,windows_win32_charge_fallback
2026-05-31 04:51:59,80.00,windows_win32_charge_fallback
2026-05-31 04:53:01,80.00,windows_win32_charge_fallback
2026-05-31 04:54:02,80.00,windows_win32_charge_fallback
2026-05-31 04:55:03,80.00,windows_win32_charge_fallback
2026-05-31 04:56:04,80.00,windows_win32_charge_fallback
2026-05-31 04:57:06,80.00,windows_win32_charge_fallback
2026-05-31 04:58:07,80.00,windows_win32_charge_fallback
2026-05-31 04:59:08,80.00,windows_win32_charge_fallback
2026-05-31 05:00:10,80.00,windows_win32_charge_fallback
2026-05-31 05:01:11,80.00,windows_win32_charge_fallback
2026-05-31 05:02:12,80.00,windows_win32_charge_fallback
2026-05-31 05:03:13,80.00,windows_win32_charge_fallback
2026-05-31 05:04:15,80.00,windows_win32_charge_fallback
2026-05-31 05:05:16,80.00,windows_win32_charge_fallback
2026-05-31 05:06:17,80.00,windows_win32_charge_fallback
2026-05-31 05:07:18,80.00,windows_win32_charge_fallback
2026-05-31 05:08:20,80.00,windows_win32_charge_fallback
2026-05-31 05:09:21,80.00,windows_win32_charge_fallback
2026-05-31 05:10:22,80.00,windows_win32_charge_fallback
2026-05-31 05:11:24,80.00,windows_win32_charge_fallback
2026-05-31 05:12:25,80.00,windows_win32_charge_fallback
2026-05-31 05:13:26,80.00,windows_win32_charge_fallback
2026-05-31 05:14:27,80.00,windows_win32_charge_fallback
2026-05-31 05:15:29,80.00,windows_win32_charge_fallback
2026-05-31 05:16:30,80.00,windows_win32_charge_fallback
2026-05-31 05:17:31,80.00,windows_win32_charge_fallback
2026-05-31 05:18:33,80.00,windows_win32_charge_fallback
2026-05-31 05:19:34,80.00,windows_win32_charge_fallback
2026-05-31 05:20:35,80.00,windows_win32_charge_fallback
2026-05-31 05:21:36,80.00,windows_win32_charge_fallback
2026-05-31 05:22:38,80.00,windows_win32_charge_fallback
2026-05-31 05:23:39,80.00,windows_win32_charge_fallback
2026-05-31 05:24:40,80.00,windows_win32_charge_fallback
2026-05-31 05:25:42,80.00,windows_win32_charge_fallback
2026-05-31 05:26:43,80.00,windows_win32_charge_fallback
2026-05-31 05:27:44,80.00,windows_win32_charge_fallback
2026-05-31 05:28:45,80.00,windows_win32_charge_fallback
2026-05-31 05:29:46,80.00,windows_win32_charge_fallback
2026-05-31 05:30:48,80.00,windows_win32_charge_fallback
2026-05-31 05:31:49,80.00,windows_win32_charge_fallback
2026-05-31 05:32:50,80.00,windows_win32_charge_fallback
2026-05-31 05:33:52,80.00,windows_win32_charge_fallback
2026-05-31 05:34:53,80.00,windows_win32_charge_fallback
2026-05-31 05:35:54,80.00,windows_win32_charge_fallback
2026-05-31 05:36:55,80.00,windows_win32_charge_fallback
2026-05-31 05:37:57,80.00,windows_win32_charge_fallback
2026-05-31 05:38:58,80.00,windows_win32_charge_fallback
2026-05-31 05:39:59,80.00,windows_win32_charge_fallback
2026-05-31 05:41:01,80.00,windows_win32_charge_fallback
2026-05-31 05:42:02,80.00,windows_win32_charge_fallback
2026-05-31 05:43:03,80.00,windows_win32_charge_fallback
2026-05-31 05:44:04,80.00,windows_win32_charge_fallback
2026-05-31 05:45:06,80.00,windows_win32_charge_fallback
2026-05-31 05:46:07,80.00,windows_win32_charge_fallback
2026-05-31 05:47:08,80.00,windows_win32_charge_fallback
2026-05-31 05:48:10,80.00,windows_win32_charge_fallback
2026-05-31 05:49:11,80.00,windows_win32_charge_fallback
2026-05-31 05:50:12,80.00,windows_win32_charge_fallback
2026-05-31 05:51:13,80.00,windows_win32_charge_fallback
2026-05-31 05:52:14,80.00,windows_win32_charge_fallback
2026-05-31 05:53:16,80.00,windows_win32_charge_fallback
2026-05-31 05:54:17,80.00,windows_win32_charge_fallback
2026-05-31 05:55:18,80.00,windows_win32_charge_fallback
2026-05-31 05:56:20,80.00,windows_win32_charge_fallback
2026-05-31 05:57:21,80.00,windows_win32_charge_fallback
2026-05-31 05:58:22,80.00,windows_win32_charge_fallback
2026-05-31 05:59:23,80.00,windows_win32_charge_fallback
2026-05-31 06:00:25,80.00,windows_win32_charge_fallback
2026-05-31 06:01:26,80.00,windows_win32_charge_fallback
2026-05-31 06:02:27,80.00,windows_win32_charge_fallback
2026-05-31 06:03:28,80.00,windows_win32_charge_fallback
2026-05-31 06:04:30,80.00,windows_win32_charge_fallback
2026-05-31 06:05:31,80.00,windows_win32_charge_fallback
2026-05-31 06:06:32,80.00,windows_win32_charge_fallback
2026-05-31 06:07:33,80.00,windows_win32_charge_fallback
2026-05-31 06:08:35,80.00,windows_win32_charge_fallback
2026-05-31 06:09:36,80.00,windows_win32_charge_fallback
2026-05-31 06:10:37,80.00,windows_win32_charge_fallback
2026-05-31 06:11:39,80.00,windows_win32_charge_fallback
2026-05-31 06:12:40,80.00,windows_win32_charge_fallback
2026-05-31 06:13:41,80.00,windows_win32_charge_fallback
2026-05-31 06:14:42,80.00,windows_win32_charge_fallback
2026-05-31 06:15:44,80.00,windows_win32_charge_fallback
2026-05-31 06:16:45,80.00,windows_win32_charge_fallback
2026-05-31 06:17:46,80.00,windows_win32_charge_fallback
2026-05-31 06:18:47,80.00,windows_win32_charge_fallback
2026-05-31 06:19:49,80.00,windows_win32_charge_fallback
2026-05-31 06:20:50,80.00,windows_win32_charge_fallback
2026-05-31 06:21:51,80.00,windows_win32_charge_fallback
2026-05-31 06:22:53,80.00,windows_win32_charge_fallback
2026-05-31 06:23:54,80.00,windows_win32_charge_fallback
2026-05-31 06:24:55,80.00,windows_win32_charge_fallback
2026-05-31 06:25:56,80.00,windows_win32_charge_fallback
2026-05-31 06:26:58,80.00,windows_win32_charge_fallback
2026-05-31 06:27:59,80.00,windows_win32_charge_fallback
2026-05-31 06:29:00,80.00,windows_win32_charge_fallback
2026-05-31 06:30:01,80.00,windows_win32_charge_fallback
2026-05-31 06:31:03,80.00,windows_win32_charge_fallback
2026-05-31 06:32:04,80.00,windows_win32_charge_fallback
2026-05-31 06:33:05,80.00,windows_win32_charge_fallback
2026-05-31 06:34:06,80.00,windows_win32_charge_fallback
2026-05-31 06:35:08,80.00,windows_win32_charge_fallback
2026-05-31 06:36:09,80.00,windows_win32_charge_fallback
2026-05-31 06:37:10,80.00,windows_win32_charge_fallback
2026-05-31 06:38:11,80.00,windows_win32_charge_fallback
2026-05-31 06:39:13,80.00,windows_win32_charge_fallback
2026-05-31 06:40:14,80.00,windows_win32_charge_fallback
2026-05-31 06:41:15,80.00,windows_win32_charge_fallback
2026-05-31 06:42:16,80.00,windows_win32_charge_fallback
2026-05-31 06:43:18,80.00,windows_win32_charge_fallback
2026-05-31 06:44:19,80.00,windows_win32_charge_fallback
2026-05-31 06:45:20,80.00,windows_win32_charge_fallback
2026-05-31 06:46:22,80.00,windows_win32_charge_fallback
2026-05-31 06:47:23,80.00,windows_win32_charge_fallback
2026-05-31 06:48:24,80.00,windows_win32_charge_fallback
2026-05-31 06:49:25,80.00,windows_win32_charge_fallback
2026-05-31 06:50:27,80.00,windows_win32_charge_fallback
2026-05-31 06:51:28,80.00,windows_win32_charge_fallback
2026-05-31 06:52:29,80.00,windows_win32_charge_fallback
2026-05-31 06:53:30,80.00,windows_win32_charge_fallback
2026-05-31 06:54:32,80.00,windows_win32_charge_fallback
2026-05-31 06:55:33,80.00,windows_win32_charge_fallback
2026-05-31 06:56:34,80.00,windows_win32_charge_fallback
2026-05-31 06:57:35,80.00,windows_win32_charge_fallback
2026-05-31 06:58:36,80.00,windows_win32_charge_fallback
2026-05-31 06:59:38,80.00,windows_win32_charge_fallback
2026-05-31 07:00:39,80.00,windows_win32_charge_fallback
2026-05-31 07:01:40,80.00,windows_win32_charge_fallback
2026-05-31 07:02:41,80.00,windows_win32_charge_fallback
2026-05-31 07:03:43,80.00,windows_win32_charge_fallback
2026-05-31 07:04:44,80.00,windows_win32_charge_fallback
2026-05-31 07:05:45,80.00,windows_win32_charge_fallback
2026-05-31 07:06:46,80.00,windows_win32_charge_fallback
2026-05-31 07:07:48,80.00,windows_win32_charge_fallback
2026-05-31 07:08:49,80.00,windows_win32_charge_fallback
2026-05-31 07:09:50,80.00,windows_win32_charge_fallback
2026-05-31 07:10:51,80.00,windows_win32_charge_fallback
2026-05-31 07:11:53,80.00,windows_win32_charge_fallback
2026-05-31 07:12:54,80.00,windows_win32_charge_fallback
2026-05-31 07:13:55,80.00,windows_win32_charge_fallback
2026-05-31 07:14:56,80.00,windows_win32_charge_fallback
2026-05-31 07:15:58,80.00,windows_win32_charge_fallback
2026-05-31 07:16:59,80.00,windows_win32_charge_fallback
2026-05-31 07:18:00,80.00,windows_win32_charge_fallback
2026-05-31 07:19:01,80.00,windows_win32_charge_fallback
2026-05-31 07:20:03,80.00,windows_win32_charge_fallback
2026-05-31 07:21:04,80.00,windows_win32_charge_fallback
2026-05-31 07:22:05,80.00,windows_win32_charge_fallback
2026-05-31 07:23:06,80.00,windows_win32_charge_fallback
2026-05-31 07:24:08,80.00,windows_win32_charge_fallback
2026-05-31 07:25:09,80.00,windows_win32_charge_fallback
2026-05-31 07:26:10,80.00,windows_win32_charge_fallback
2026-05-31 07:27:11,80.00,windows_win32_charge_fallback
2026-05-31 07:28:13,80.00,windows_win32_charge_fallback
2026-05-31 07:29:14,80.00,windows_win32_charge_fallback
2026-05-31 07:30:15,80.00,windows_win32_charge_fallback
2026-05-31 07:31:17,80.00,windows_win32_charge_fallback
2026-05-31 07:32:18,80.00,windows_win32_charge_fallback
2026-05-31 07:33:19,80.00,windows_win32_charge_fallback
2026-05-31 07:34:20,80.00,windows_win32_charge_fallback
2026-05-31 07:35:22,80.00,windows_win32_charge_fallback
2026-05-31 07:36:23,80.00,windows_win32_charge_fallback
2026-05-31 07:37:24,80.00,windows_win32_charge_fallback
2026-05-31 07:38:25,80.00,windows_win32_charge_fallback
2026-05-31 07:39:27,80.00,windows_win32_charge_fallback
2026-05-31 07:40:28,80.00,windows_win32_charge_fallback
2026-05-31 07:41:29,80.00,windows_win32_charge_fallback
2026-05-31 07:42:31,80.00,windows_win32_charge_fallback
2026-05-31 07:43:32,80.00,windows_win32_charge_fallback
2026-05-31 07:44:33,80.00,windows_win32_charge_fallback
2026-05-31 07:45:34,80.00,windows_win32_charge_fallback
2026-05-31 07:46:36,80.00,windows_win32_charge_fallback
2026-05-31 07:47:37,80.00,windows_win32_charge_fallback
2026-05-31 07:48:38,80.00,windows_win32_charge_fallback
2026-05-31 07:49:39,80.00,windows_win32_charge_fallback
2026-05-31 07:50:41,80.00,windows_win32_charge_fallback
2026-05-31 07:51:42,80.00,windows_win32_charge_fallback
2026-05-31 07:52:43,80.00,windows_win32_charge_fallback
2026-05-31 07:53:44,80.00,windows_win32_charge_fallback
2026-05-31 07:54:46,80.00,windows_win32_charge_fallback
2026-05-31 07:55:47,80.00,windows_win32_charge_fallback
2026-05-31 07:56:48,80.00,windows_win32_charge_fallback
2026-05-31 07:57:50,80.00,windows_win32_charge_fallback
2026-05-31 07:58:51,80.00,windows_win32_charge_fallback
2026-05-31 07:59:52,80.00,windows_win32_charge_fallback
2026-05-31 08:00:53,80.00,windows_win32_charge_fallback
2026-05-31 08:01:55,80.00,windows_win32_charge_fallback
2026-05-31 08:02:56,80.00,windows_win32_charge_fallback
2026-05-31 08:03:57,80.00,windows_win32_charge_fallback
2026-05-31 08:04:58,80.00,windows_win32_charge_fallback
2026-05-31 08:06:00,80.00,windows_win32_charge_fallback
2026-05-31 08:07:01,80.00,windows_win32_charge_fallback
2026-05-31 08:08:02,80.00,windows_win32_charge_fallback
2026-05-31 08:09:03,80.00,windows_win32_charge_fallback
2026-05-31 08:10:05,80.00,windows_win32_charge_fallback
2026-05-31 08:11:06,80.00,windows_win32_charge_fallback
2026-05-31 08:12:07,80.00,windows_win32_charge_fallback
2026-05-31 08:13:09,80.00,windows_win32_charge_fallback
2026-05-31 08:14:10,80.00,windows_win32_charge_fallback
2026-05-31 08:15:11,80.00,windows_win32_charge_fallback
2026-05-31 08:16:13,80.00,windows_win32_charge_fallback
2026-05-31 08:17:14,80.00,windows_win32_charge_fallback
2026-05-31 08:18:15,80.00,windows_win32_charge_fallback
2026-05-31 08:19:16,80.00,windows_win32_charge_fallback
2026-05-31 08:20:18,80.00,windows_win32_charge_fallback
2026-05-31 08:21:19,80.00,windows_win32_charge_fallback
2026-05-31 08:22:20,80.00,windows_win32_charge_fallback
2026-05-31 08:23:21,80.00,windows_win32_charge_fallback
2026-05-31 08:24:23,80.00,windows_win32_charge_fallback
2026-05-31 08:25:24,80.00,windows_win32_charge_fallback
2026-05-31 08:26:25,80.00,windows_win32_charge_fallback
2026-05-31 08:27:27,80.00,windows_win32_charge_fallback
2026-05-31 08:28:28,80.00,windows_win32_charge_fallback
2026-05-31 08:29:29,80.00,windows_win32_charge_fallback
2026-05-31 08:30:31,80.00,windows_win32_charge_fallback
2026-05-31 08:31:32,80.00,windows_win32_charge_fallback
2026-05-31 08:32:33,80.00,windows_win32_charge_fallback
2026-05-31 08:33:34,80.00,windows_win32_charge_fallback
2026-05-31 08:34:35,80.00,windows_win32_charge_fallback
2026-05-31 08:35:37,80.00,windows_win32_charge_fallback
2026-05-31 08:36:38,80.00,windows_win32_charge_fallback
2026-05-31 08:37:39,80.00,windows_win32_charge_fallback
2026-05-31 08:38:41,80.00,windows_win32_charge_fallback
2026-05-31 08:39:42,80.00,windows_win32_charge_fallback
2026-05-31 08:40:43,80.00,windows_win32_charge_fallback
2026-05-31 08:41:44,80.00,windows_win32_charge_fallback
2026-05-31 08:42:46,80.00,windows_win32_charge_fallback
2026-05-31 08:43:47,80.00,windows_win32_charge_fallback
2026-05-31 08:44:48,80.00,windows_win32_charge_fallback
2026-05-31 08:45:50,80.00,windows_win32_charge_fallback
2026-05-31 08:46:51,80.00,windows_win32_charge_fallback
2026-05-31 08:47:52,80.00,windows_win32_charge_fallback
2026-05-31 08:48:53,80.00,windows_win32_charge_fallback
2026-05-31 08:49:55,80.00,windows_win32_charge_fallback
2026-05-31 08:50:56,80.00,windows_win32_charge_fallback
2026-05-31 08:51:57,80.00,windows_win32_charge_fallback
2026-05-31 08:52:59,80.00,windows_win32_charge_fallback
2026-05-31 08:54:00,80.00,windows_win32_charge_fallback
2026-05-31 08:55:01,80.00,windows_win32_charge_fallback
2026-05-31 08:56:02,80.00,windows_win32_charge_fallback
2026-05-31 08:57:04,80.00,windows_win32_charge_fallback
2026-05-31 08:58:05,80.00,windows_win32_charge_fallback
2026-05-31 08:59:06,80.00,windows_win32_charge_fallback
2026-05-31 09:00:07,80.00,windows_win32_charge_fallback
2026-05-31 09:01:09,80.00,windows_win32_charge_fallback
2026-05-31 09:02:10,80.00,windows_win32_charge_fallback
2026-05-31 09:03:11,80.00,windows_win32_charge_fallback
2026-05-31 09:04:13,80.00,windows_win32_charge_fallback
2026-05-31 09:05:14,80.00,windows_win32_charge_fallback
2026-05-31 09:06:15,80.00,windows_win32_charge_fallback
2026-05-31 09:07:16,80.00,windows_win32_charge_fallback
2026-05-31 09:08:18,80.00,windows_win32_charge_fallback
2026-05-31 09:09:19,80.00,windows_win32_charge_fallback
2026-05-31 09:10:20,80.00,windows_win32_charge_fallback
2026-05-31 09:11:21,80.00,windows_win32_charge_fallback
2026-05-31 09:12:23,80.00,windows_win32_charge_fallback
2026-05-31 09:13:24,80.00,windows_win32_charge_fallback
2026-05-31 09:14:25,80.00,windows_win32_charge_fallback
2026-05-31 09:15:27,80.00,windows_win32_charge_fallback
2026-05-31 09:16:28,80.00,windows_win32_charge_fallback
2026-05-31 09:17:29,80.00,windows_win32_charge_fallback
2026-05-31 09:18:30,80.00,windows_win32_charge_fallback
2026-05-31 09:19:32,80.00,windows_win32_charge_fallback
2026-05-31 09:20:33,80.00,windows_win32_charge_fallback
2026-05-31 09:21:34,80.00,windows_win32_charge_fallback
2026-05-31 09:22:36,80.00,windows_win32_charge_fallback
2026-05-31 09:23:37,80.00,windows_win32_charge_fallback
2026-05-31 09:24:38,80.00,windows_win32_charge_fallback
2026-05-31 09:25:39,80.00,windows_win32_charge_fallback
2026-05-31 09:26:41,80.00,windows_win32_charge_fallback
2026-05-31 09:27:42,80.00,windows_win32_charge_fallback
2026-05-31 09:28:43,80.00,windows_win32_charge_fallback
2026-05-31 09:29:45,80.00,windows_win32_charge_fallback
2026-05-31 09:30:46,80.00,windows_win32_charge_fallback
2026-05-31 09:31:47,80.00,windows_win32_charge_fallback
2026-05-31 09:32:48,80.00,windows_win32_charge_fallback
2026-05-31 09:33:50,80.00,windows_win32_charge_fallback
2026-05-31 09:34:51,80.00,windows_win32_charge_fallback
2026-05-31 09:35:52,80.00,windows_win32_charge_fallback
2026-05-31 09:36:53,80.00,windows_win32_charge_fallback
2026-05-31 09:37:55,80.00,windows_win32_charge_fallback
2026-05-31 09:38:56,80.00,windows_win32_charge_fallback
2026-05-31 09:39:57,80.00,windows_win32_charge_fallback
2026-05-31 09:40:58,80.00,windows_win32_charge_fallback
2026-05-31 12:31:36,80.00,windows_win32_charge_fallback
2026-05-31 12:32:38,80.00,windows_win32_charge_fallback
2026-05-31 12:33:39,80.00,windows_win32_charge_fallback
