Test Index / 1,Test Time / s,Voltage / V,Current / A,Cycle Count / 1,Step Count / 1,Step Capacity / Ah,Step Energy / Wh,Power / W
1,0.0,3.783,0.0,0,1,0.0,0.0,0.0
2,1.0,3.783,0.0,0,1,0.0,0.0,0.0
3,2.0,3.784,0.0,0,1,0.0,0.0,0.0
4,3.0,3.783,0.0,0,1,0.0,0.0,0.0
5,4.0,3.784,0.0,0,1,0.0,0.0,0.0
6,5.0,3.783,0.0,0,1,0.0,0.0,0.0
7,6.0,3.784,0.0,0,1,0.0,0.0,0.0
8,7.0,3.783,0.0,0,1,0.0,0.0,0.0
9,8.0,3.784,0.0,0,1,0.0,0.0,0.0
10,9.0,3.783,0.0,0,1,0.0,0.0,0.0
11,10.0,3.784,0.0,0,1,0.0,0.0,0.0
12,10.01,3.784,0.0,0,5,0.0,0.0,0.0
13,130.01,3.784,0.0,0,5,0.0,0.0,0.0
14,250.01,3.783,0.0,0,5,0.0,0.0,0.0
15,370.01,3.783,0.0,0,5,0.0,0.0,0.0
16,490.01,3.783,0.0,0,5,0.0,0.0,0.0
17,610.0,3.784,0.0,0,5,0.0,0.0,0.0
18,610.05,3.77,-0.302,0,6,0.0,0.0,1.1396
19,615.05,3.767,-0.3,0,6,0.0004,0.0016,1.1304
20,620.0,3.766,-0.3,0,6,0.0008,0.0031,1.1292
21,620.03,3.649,-3.0,0,7,0.0009,0.0032,10.9493
22,621.0,3.628,-3.0,0,7,0.0017,0.0062,10.8854
23,621.03,3.745,-0.3,0,8,0.0017,0.0062,1.1225
24,626.03,3.764,-0.3,0,8,0.0021,0.0077,1.1291
25,631.0,3.764,-0.3,0,8,0.0025,0.0093,1.1285
26,631.01,3.775,0.0,0,9,0.0025,0.0093,0.0
27,636.01,3.78,0.0,0,9,0.0025,0.0093,0.0
28,641.0,3.78,0.0,0,9,0.0025,0.0093,0.0
29,641.05,3.74,-0.903,0,10,0.0,0.0,3.3762
30,699.26,3.72,-0.9,0,10,0.0146,0.0542,3.3479
31,819.26,3.71,-0.9,0,10,0.0446,0.1657,3.3384
32,939.26,3.703,-0.9,0,10,0.0746,0.2769,3.3325
33,1059.26,3.696,-0.9,0,10,0.1046,0.3878,3.3264
34,1179.26,3.691,-0.9,0,10,0.1346,0.4986,3.3217
35,1299.26,3.685,-0.9,0,10,0.1646,0.6093,3.316
36,1419.26,3.678,-0.9,0,10,0.1945,0.7197,3.3106
37,1539.26,3.672,-0.9,0,10,0.2245,0.83,3.3041
38,1659.26,3.664,-0.9,0,10,0.2545,0.94,3.2977
39,1779.26,3.656,-0.9,0,10,0.2845,1.0498,3.2897
40,1899.26,3.648,-0.9,0,10,0.3145,1.1594,3.2823
41,2019.26,3.64,-0.9,0,10,0.3445,1.2687,3.2755
42,2139.26,3.632,-0.9,0,10,0.3745,1.3777,3.2692
43,2259.26,3.626,-0.9,0,10,0.4045,1.4866,3.2633
44,2379.26,3.621,-0.9,0,10,0.4345,1.5953,3.2588
45,2499.26,3.617,-0.9,0,10,0.4645,1.7039,3.2549
46,2619.26,3.612,-0.9,0,10,0.4945,1.8123,3.2497
47,2739.26,3.605,-0.9,0,10,0.5245,1.9205,3.2442
48,2859.26,3.597,-0.9,0,10,0.5545,2.0285,3.236
49,2979.26,3.584,-0.9,0,10,0.5845,2.1363,3.2248
50,3096.88,3.564,-0.9,0,10,0.6139,2.2414,3.2074
51,3175.45,3.544,-0.9,0,10,0.6336,2.3112,3.1896
52,3236.8,3.524,-0.9,0,10,0.6489,2.3654,3.1713
53,3289.01,3.504,-0.9,0,10,0.662,2.4113,3.1535
54,3335.27,3.484,-0.9,0,10,0.6735,2.4517,3.1352
55,3377.29,3.464,-0.9,0,10,0.684,2.4881,3.1169
56,3415.74,3.444,-0.9,0,10,0.6936,2.5213,3.0986
57,3451.17,3.424,-0.9,0,10,0.7025,2.5518,3.0811
58,3483.93,3.403,-0.9,0,10,0.7107,2.5797,3.063
59,3514.06,3.383,-0.9,0,10,0.7182,2.6053,3.0446
60,3542.12,3.363,-0.9,0,10,0.7252,2.6289,3.0268
61,3567.83,3.343,-0.9,0,10,0.7317,2.6505,3.0086
62,3591.58,3.323,-0.9,0,10,0.7376,2.6703,2.9904
63,3613.64,3.303,-0.9,0,10,0.7431,2.6886,2.9731
64,3634.07,3.283,-0.9,0,10,0.7482,2.7054,2.9546
65,3652.94,3.263,-0.9,0,10,0.7529,2.7208,2.9365
66,3670.38,3.243,-0.9,0,10,0.7573,2.735,2.9184
67,3686.35,3.223,-0.9,0,10,0.7613,2.7479,2.9003
68,3701.12,3.203,-0.9,0,10,0.765,2.7598,2.882
69,3714.64,3.182,-0.9,0,10,0.7684,2.7706,2.8637
70,3727.16,3.162,-0.9,0,10,0.7715,2.7805,2.8461
71,3738.6,3.142,-0.9,0,10,0.7744,2.7895,2.8281
72,3749.14,3.122,-0.9,0,10,0.777,2.7978,2.8097
73,3758.53,3.102,-0.9,0,10,0.7793,2.8051,2.7918
74,3767.05,3.081,-0.9,0,10,0.7815,2.8116,2.7733
75,3774.64,3.061,-0.9,0,10,0.7834,2.8175,2.7553
76,3781.51,3.041,-0.9,0,10,0.7851,2.8227,2.7371
77,3787.78,3.021,-0.9,0,10,0.7866,2.8275,2.7185
78,3793.56,3.0,-0.9,0,10,0.7881,2.8318,2.6998
79,3793.67,3.0,-0.9,0,10,0.7881,2.8319,2.6999
80,3793.68,3.034,0.0,0,11,0.0,0.0,0.0
81,3913.68,3.118,0.0,0,11,0.0,0.0,0.0
82,4033.68,3.13,0.0,0,11,0.0,0.0,0.0
83,4153.68,3.139,0.0,0,11,0.0,0.0,0.0
84,4273.68,3.145,0.0,0,11,0.0,0.0,0.0
85,4393.67,3.15,0.0,0,11,0.0,0.0,0.0
86,4393.72,3.15,0.0,1,14,0.0,0.0,0.0005
87,4394.22,3.229,1.5,1,14,0.0,0.0001,4.8429
88,4395.91,3.249,1.5,1,14,0.0007,0.0024,4.8734
89,4399.11,3.269,1.5,1,14,0.0021,0.0068,4.9035
90,4402.85,3.29,1.5,1,14,0.0036,0.0119,4.9343
91,4407.18,3.31,1.5,1,14,0.0054,0.0178,4.9648
92,4412.11,3.331,1.5,1,14,0.0075,0.0246,4.9961
93,4417.67,3.351,1.5,1,14,0.0098,0.0324,5.0259
94,4423.85,3.371,1.5,1,14,0.0124,0.041,5.0561
95,4430.73,3.391,1.5,1,14,0.0153,0.0507,5.0867
96,4438.34,3.411,1.5,1,14,0.0184,0.0615,5.1166
97,4446.67,3.431,1.5,1,14,0.0219,0.0734,5.147
98,4455.86,3.452,1.5,1,14,0.0257,0.0866,5.1775
99,4465.94,3.472,1.5,1,14,0.0299,0.1011,5.2066
100,4476.91,3.492,1.5,1,14,0.0345,0.117,5.2373
101,4488.98,3.512,1.5,1,14,0.0395,0.1346,5.2677
102,4502.04,3.532,1.5,1,14,0.045,0.1538,5.2975
103,4516.29,3.552,1.5,1,14,0.0509,0.1748,5.3279
104,4531.82,3.572,1.5,1,14,0.0574,0.1979,5.3575
105,4548.65,3.592,1.5,1,14,0.0644,0.223,5.3884
106,4566.86,3.612,1.5,1,14,0.072,0.2503,5.4177
107,4586.64,3.632,1.5,1,14,0.0802,0.2802,5.4481
108,4608.14,3.652,1.5,1,14,0.0892,0.3128,5.4777
109,4631.75,3.673,1.5,1,14,0.099,0.3488,5.5093
110,4657.13,3.693,1.5,1,14,0.1096,0.3878,5.5391
111,4685.02,3.713,1.5,1,14,0.1212,0.4308,5.5694
112,4715.41,3.733,1.5,1,14,0.1339,0.478,5.5988
113,4749.1,3.753,1.5,1,14,0.1479,0.5305,5.6292
114,4786.67,3.773,1.5,1,14,0.1636,0.5894,5.6593
115,4832.59,3.793,1.5,1,14,0.1827,0.6618,5.6885
116,4952.59,3.812,1.5,1,14,0.2327,0.852,5.7171
117,5072.6,3.819,1.5,1,14,0.2827,1.0428,5.728
118,5192.6,3.828,1.5,1,14,0.3327,1.234,5.741
119,5312.6,3.838,1.5,1,14,0.3827,1.4256,5.7561
120,5432.6,3.849,1.5,1,14,0.4327,1.6178,5.773
121,5552.6,3.861,1.5,1,14,0.4827,1.8105,5.791
122,5672.6,3.873,1.5,1,14,0.5327,2.0039,5.809
123,5792.6,3.885,1.5,1,14,0.5827,2.1978,5.827
124,5912.6,3.896,1.5,1,14,0.6327,2.3924,5.8427
125,6032.6,3.905,1.5,1,14,0.6827,2.5874,5.8572
126,6152.6,3.913,1.5,1,14,0.7327,2.7828,5.8697
127,6272.61,3.92,1.5,1,14,0.7827,2.9787,5.8786
128,6392.61,3.925,1.5,1,14,0.8327,3.1748,5.887
129,6512.61,3.929,1.5,1,14,0.8827,3.3711,5.8933
130,6632.61,3.933,1.5,1,14,0.9327,3.5676,5.8994
131,6752.61,3.937,1.5,1,14,0.9827,3.7644,5.906
132,6872.61,3.941,1.5,1,14,1.0327,3.9613,5.9119
133,6992.61,3.946,1.5,1,14,1.0827,4.1585,5.9189
134,7112.61,3.951,1.5,1,14,1.1327,4.3559,5.9259
135,7232.61,3.957,1.5,1,14,1.1826,4.5536,5.9348
136,7352.61,3.963,1.5,1,14,1.2326,4.7515,5.9445
137,7472.61,3.97,1.5,1,14,1.2826,4.9499,5.9552
138,7592.61,3.978,1.5,1,14,1.3326,5.1485,5.9659
139,7712.61,3.986,1.5,1,14,1.3826,5.3476,5.9786
140,7832.61,3.994,1.5,1,14,1.4326,5.5471,5.9918
141,7952.61,4.004,1.5,1,14,1.4826,5.7471,6.0048
142,8072.61,4.014,1.5,1,14,1.5326,5.9475,6.0204
143,8192.61,4.024,1.5,1,14,1.5826,6.1484,6.0344
144,8312.61,4.034,1.5,1,14,1.6326,6.3498,6.051
145,8432.61,4.046,1.5,1,14,1.6826,6.5518,6.0684
146,8552.61,4.057,1.5,1,14,1.7326,6.7544,6.0854
147,8672.61,4.069,1.5,1,14,1.7826,6.9575,6.103
148,8792.61,4.082,1.5,1,14,1.8326,7.1613,6.1226
149,8912.61,4.095,1.5,1,14,1.8826,7.3657,6.1425
150,9032.61,4.109,1.5,1,14,1.9326,7.5708,6.1636
151,9152.61,4.124,1.5,1,14,1.9826,7.7766,6.1852
152,9272.61,4.139,1.5,1,14,2.0326,7.9832,6.2078
153,9392.61,4.154,1.5,1,14,2.0826,8.1905,6.2302
154,9512.61,4.17,1.5,1,14,2.1326,8.3986,6.2551
155,9632.61,4.186,1.5,1,14,2.1826,8.6075,6.2785
156,9752.61,4.203,1.5,1,14,2.2326,8.8172,6.3045
157,9872.61,4.221,1.5,1,14,2.2826,9.0278,6.3309
158,9992.61,4.239,1.5,1,14,2.3326,9.2393,6.3575
159,10112.61,4.257,1.5,1,14,2.3826,9.4517,6.3864
160,10232.61,4.276,1.5,1,14,2.4326,9.665,6.4135
161,10352.61,4.295,1.5,1,14,2.4826,9.8792,6.4415
162,10472.62,4.314,1.5,1,14,2.5326,10.0945,6.4716
163,10592.62,4.334,1.5,1,14,2.5826,10.3107,6.501
164,10712.62,4.354,1.5,1,14,2.6326,10.5279,6.5313
165,10832.62,4.374,1.5,1,14,2.6826,10.7461,6.5604
166,10952.22,4.394,1.5,1,14,2.7324,10.9645,6.5912
167,11072.22,4.414,1.5,1,14,2.7824,11.1847,6.6204
168,11192.22,4.434,1.5,1,14,2.8324,11.4059,6.6506
169,11312.22,4.45,1.442,1,14,2.8823,11.6274,6.4162
170,11432.22,4.45,1.198,1,14,2.9259,11.8218,5.3315
171,11552.23,4.45,1.024,1,14,2.9629,11.9861,4.5559
172,11672.23,4.45,0.885,1,14,2.9946,12.1273,3.9386
173,11792.23,4.45,0.771,1,14,3.0222,12.2499,3.4328
174,11912.24,4.45,0.677,1,14,3.0463,12.3572,3.0139
175,12032.24,4.45,0.599,1,14,3.0675,12.4516,2.6635
176,12152.24,4.45,0.531,1,14,3.0863,12.5352,2.3636
177,12272.24,4.45,0.473,1,14,3.103,12.6096,2.105
178,12392.24,4.45,0.424,1,14,3.1179,12.6761,1.8846
179,12512.24,4.45,0.381,1,14,3.1313,12.7357,1.6935
180,12632.24,4.45,0.343,1,14,3.1434,12.7893,1.5258
181,12752.24,4.45,0.309,1,14,3.1542,12.8377,1.3771
182,12872.24,4.45,0.281,1,14,3.1641,12.8815,1.2511
183,12992.24,4.45,0.255,1,14,3.173,12.9212,1.1347
184,13112.24,4.45,0.232,1,14,3.1811,12.9572,1.0308
185,13232.24,4.45,0.211,1,14,3.1885,12.9901,0.9391
186,13352.24,4.45,0.193,1,14,3.1952,13.02,0.86
187,13472.25,4.45,0.176,1,14,3.2013,13.0474,0.7839
188,13592.25,4.45,0.161,1,14,3.207,13.0723,0.7154
189,13680.08,4.45,0.15,1,14,3.2108,13.0892,0.6675
190,13680.09,4.445,0.0,1,15,0.0,0.0,0.0
191,13800.09,4.439,0.0,1,15,0.0,0.0,0.0
192,13920.09,4.437,0.0,1,15,0.0,0.0,0.0
193,14040.09,4.436,0.0,1,15,0.0,0.0,0.0
194,14160.09,4.436,0.0,1,15,0.0,0.0,0.0
195,14280.08,4.435,0.0,1,15,0.0,0.0,0.0
196,14280.12,4.398,-0.902,1,16,0.0,0.0,3.9682
197,14400.12,4.367,-0.9,1,16,0.03,0.1313,3.9313
198,14520.12,4.355,-0.9,1,16,0.06,0.2622,3.9194
199,14640.12,4.345,-0.9,1,16,0.09,0.3927,3.9105
200,14760.12,4.336,-0.9,1,16,0.12,0.5229,3.9027
201,14880.12,4.327,-0.9,1,16,0.15,0.6528,3.8943
202,15000.12,4.318,-0.9,1,16,0.18,0.7825,3.8854
203,15120.12,4.309,-0.9,1,16,0.21,0.9119,3.8778
204,15240.12,4.3,-0.9,1,16,0.24,1.041,3.8693
205,15360.12,4.291,-0.9,1,16,0.27,1.1699,3.8609
206,15480.12,4.281,-0.9,1,16,0.3,1.2985,3.8526
207,15600.12,4.271,-0.9,1,16,0.33,1.4267,3.8433
208,15720.12,4.261,-0.9,1,16,0.36,1.5547,3.8338
209,15840.12,4.251,-0.9,1,16,0.39,1.6824,3.8251
210,15960.12,4.24,-0.9,1,16,0.42,1.8097,3.8159
211,16080.12,4.229,-0.9,1,16,0.45,1.9368,3.8058
212,16200.12,4.218,-0.9,1,16,0.48,2.0635,3.7963
213,16320.12,4.207,-0.9,1,16,0.51,2.1898,3.7856
214,16440.12,4.196,-0.9,1,16,0.54,2.3159,3.7766
215,16560.12,4.185,-0.9,1,16,0.57,2.4416,3.7654
216,16680.12,4.173,-0.9,1,16,0.6,2.5669,3.7562
217,16800.12,4.162,-0.9,1,16,0.63,2.692,3.7461
218,16920.12,4.151,-0.9,1,16,0.66,2.8167,3.7358
219,17040.12,4.139,-0.9,1,16,0.69,2.941,3.7251
220,17160.12,4.128,-0.9,1,16,0.72,3.065,3.7143
221,17280.12,4.117,-0.9,1,16,0.75,3.1887,3.7054
222,17400.12,4.106,-0.9,1,16,0.78,3.312,3.6946
223,17520.12,4.094,-0.9,1,16,0.81,3.435,3.6846
224,17640.12,4.083,-0.9,1,16,0.84,3.5577,3.6746
225,17760.12,4.072,-0.9,1,16,0.87,3.68,3.6649
226,17880.12,4.061,-0.9,1,16,0.9,3.802,3.655
227,18000.12,4.05,-0.9,1,16,0.93,3.9236,3.6446
228,18120.12,4.039,-0.9,1,16,0.96,4.045,3.6351
229,18240.12,4.028,-0.9,1,16,0.99,4.166,3.625
230,18360.12,4.017,-0.9,1,16,1.02,4.2866,3.6155
231,18480.12,4.007,-0.9,1,16,1.0499,4.407,3.606
232,18600.12,3.996,-0.9,1,16,1.0799,4.527,3.5958
233,18720.12,3.985,-0.9,1,16,1.1099,4.6468,3.5873
234,18840.12,3.975,-0.9,1,16,1.1399,4.7662,3.5768
235,18960.12,3.964,-0.9,1,16,1.1699,4.8852,3.5673
236,19080.12,3.954,-0.9,1,16,1.1999,5.004,3.5575
237,19200.12,3.943,-0.9,1,16,1.2299,5.1224,3.5486
238,19320.12,3.933,-0.9,1,16,1.2599,5.2406,3.5397
239,19440.12,3.923,-0.9,1,16,1.2899,5.3584,3.5297
240,19560.12,3.913,-0.9,1,16,1.3199,5.4759,3.5215
241,19680.12,3.904,-0.9,1,16,1.3499,5.5932,3.5131
242,19800.12,3.895,-0.9,1,16,1.3799,5.7102,3.5052
243,19920.12,3.886,-0.9,1,16,1.4099,5.8269,3.4968
244,20040.12,3.878,-0.9,1,16,1.4399,5.9433,3.4894
245,20160.12,3.87,-0.9,1,16,1.4699,6.0595,3.4829
246,20280.12,3.862,-0.9,1,16,1.4999,6.1755,3.4759
247,20400.12,3.855,-0.9,1,16,1.5299,6.2912,3.4689
248,20520.12,3.847,-0.9,1,16,1.5599,6.4068,3.4618
249,20640.12,3.84,-0.9,1,16,1.5899,6.5221,3.456
250,20760.12,3.834,-0.9,1,16,1.6199,6.6372,3.4502
251,20880.12,3.827,-0.9,1,16,1.6499,6.7521,3.4434
252,21000.12,3.821,-0.9,1,16,1.6799,6.8668,3.4377
253,21120.12,3.815,-0.9,1,16,1.7099,6.9813,3.4328
254,21240.12,3.808,-0.9,1,16,1.7399,7.0957,3.4274
255,21360.12,3.802,-0.9,1,16,1.7699,7.2098,3.4218
256,21480.12,3.797,-0.9,1,16,1.7999,7.3238,3.4168
257,21600.12,3.791,-0.9,1,16,1.8299,7.4376,3.4122
258,21720.12,3.786,-0.9,1,16,1.8599,7.5513,3.4068
259,21840.12,3.78,-0.9,1,16,1.8899,7.6648,3.4021
260,21960.12,3.775,-0.9,1,16,1.9199,7.7781,3.3976
261,22080.12,3.77,-0.9,1,16,1.9499,7.8913,3.3928
262,22200.12,3.765,-0.9,1,16,1.9799,8.0043,3.3892
263,22320.12,3.76,-0.9,1,16,2.0099,8.1172,3.3846
264,22440.12,3.756,-0.9,1,16,2.0399,8.2299,3.38
265,22560.12,3.751,-0.9,1,16,2.0699,8.3425,3.3754
266,22680.12,3.746,-0.9,1,16,2.0999,8.455,3.3715
267,22800.12,3.742,-0.9,1,16,2.1299,8.5673,3.3674
268,22920.12,3.738,-0.9,1,16,2.1599,8.6795,3.3638
269,23040.12,3.734,-0.9,1,16,2.1899,8.7916,3.3599
270,23160.12,3.73,-0.9,1,16,2.2199,8.9035,3.3566
271,23280.12,3.726,-0.9,1,16,2.2499,9.0153,3.3521
272,23400.12,3.721,-0.9,1,16,2.2799,9.127,3.3494
273,23520.12,3.718,-0.9,1,16,2.3099,9.2386,3.3454
274,23640.12,3.714,-0.9,1,16,2.3399,9.3501,3.342
275,23760.12,3.71,-0.9,1,16,2.3699,9.4614,3.3385
276,23880.12,3.706,-0.9,1,16,2.3999,9.5726,3.3353
277,24000.12,3.702,-0.9,1,16,2.4299,9.6838,3.3316
278,24120.12,3.698,-0.9,1,16,2.4599,9.7948,3.3288
279,24240.12,3.694,-0.9,1,16,2.4899,9.9056,3.3242
280,24360.12,3.69,-0.9,1,16,2.5199,10.0164,3.321
281,24480.12,3.686,-0.9,1,16,2.5499,10.127,3.3172
282,24600.12,3.681,-0.9,1,16,2.5799,10.2375,3.3125
283,24720.12,3.676,-0.9,1,16,2.6099,10.3479,3.3083
284,24840.12,3.67,-0.9,1,16,2.6399,10.4581,3.3031
285,24960.12,3.665,-0.9,1,16,2.6699,10.5681,3.2979
286,25080.12,3.659,-0.9,1,16,2.6999,10.6779,3.2923
287,25200.12,3.652,-0.9,1,16,2.7299,10.7876,3.2858
288,25320.12,3.645,-0.9,1,16,2.7599,10.897,3.2803
289,25440.12,3.639,-0.9,1,16,2.7898,11.0063,3.2751
290,25560.12,3.633,-0.9,1,16,2.8198,11.1154,3.2694
291,25680.12,3.629,-0.9,1,16,2.8498,11.2243,3.2656
292,25800.12,3.624,-0.9,1,16,2.8798,11.3331,3.2618
293,25920.12,3.619,-0.9,1,16,2.9098,11.4417,3.2572
294,26040.12,3.613,-0.9,1,16,2.9398,11.5502,3.2513
295,26160.12,3.605,-0.9,1,16,2.9698,11.6585,3.2446
296,26280.12,3.593,-0.9,1,16,2.9998,11.7665,3.2339
297,26400.12,3.575,-0.9,1,16,3.0298,11.874,3.2168
298,26520.12,3.544,-0.9,1,16,3.0598,11.9808,3.1898
299,26640.12,3.498,-0.9,1,16,3.0898,12.0865,3.1481
300,26760.12,3.437,-0.9,1,16,3.1198,12.1906,3.0932
301,26880.12,3.355,-0.9,1,16,3.1498,12.2925,3.0186
302,27000.12,3.23,-0.9,1,16,3.1798,12.3914,2.9063
303,27105.61,3.0,-0.9,1,16,3.2062,12.4741,2.6999
304,27105.62,3.033,0.0,1,17,0.0,0.0,0.0
305,27225.62,3.1,0.0,1,17,0.0,0.0,0.0
306,27345.62,3.113,0.0,1,17,0.0,0.0,0.0
307,27465.62,3.122,0.0,1,17,0.0,0.0,0.0
308,27585.62,3.128,0.0,1,17,0.0,0.0,0.0
309,27705.61,3.133,0.0,1,17,0.0,0.0,0.0
310,27705.66,3.134,0.0,2,14,0.0,0.0,0.0005
311,27706.17,3.204,1.5,2,14,0.0,0.0001,4.8059
312,27708.4,3.225,1.5,2,14,0.001,0.0031,4.8366
313,27711.55,3.245,1.5,2,14,0.0023,0.0074,4.8672
314,27715.18,3.266,1.5,2,14,0.0038,0.0123,4.8991
315,27719.33,3.286,1.5,2,14,0.0055,0.018,4.928
316,27724.07,3.306,1.5,2,14,0.0075,0.0245,4.9594
317,27729.41,3.326,1.5,2,14,0.0097,0.0319,4.9895
318,27735.45,3.347,1.5,2,14,0.0122,0.0402,5.0196
319,27742.14,3.367,1.5,2,14,0.015,0.0496,5.0511
320,27749.53,3.387,1.5,2,14,0.0181,0.06,5.0812
321,27757.63,3.407,1.5,2,14,0.0215,0.0715,5.1109
322,27766.55,3.427,1.5,2,14,0.0252,0.0842,5.1411
323,27776.2,3.447,1.5,2,14,0.0292,0.098,5.1712
324,27786.87,3.468,1.5,2,14,0.0337,0.1134,5.2012
325,27798.48,3.488,1.5,2,14,0.0385,0.1302,5.2315
326,27811.13,3.508,1.5,2,14,0.0438,0.1486,5.2618
327,27824.92,3.528,1.5,2,14,0.0495,0.1688,5.2916
328,27839.99,3.548,1.5,2,14,0.0558,0.1911,5.3211
329,27856.26,3.568,1.5,2,14,0.0626,0.2152,5.3514
330,27873.95,3.588,1.5,2,14,0.0699,0.2415,5.3809
331,27893.12,3.608,1.5,2,14,0.0779,0.2703,5.4119
332,27914.02,3.628,1.5,2,14,0.0866,0.3018,5.4417
333,27936.75,3.648,1.5,2,14,0.0961,0.3362,5.4719
334,27961.39,3.668,1.5,2,14,0.1064,0.3738,5.5026
335,27988.19,3.688,1.5,2,14,0.1175,0.4149,5.5319
336,28017.74,3.708,1.5,2,14,0.1299,0.4604,5.5621
337,28049.96,3.728,1.5,2,14,0.1433,0.5103,5.5916
338,28085.83,3.748,1.5,2,14,0.1582,0.5662,5.6232
339,28127.51,3.768,1.5,2,14,0.1756,0.6315,5.653
340,28199.55,3.788,1.5,2,14,0.2056,0.7449,5.6821
341,28319.55,3.798,1.5,2,14,0.2556,0.9346,5.6966
342,28439.55,3.806,1.5,2,14,0.3056,1.1247,5.7085
343,28559.55,3.815,1.5,2,14,0.3556,1.3152,5.7233
344,28679.55,3.826,1.5,2,14,0.4056,1.5062,5.7379
345,28799.55,3.837,1.5,2,14,0.4556,1.6978,5.7557
346,28919.55,3.849,1.5,2,14,0.5056,1.8899,5.7736
347,29039.55,3.861,1.5,2,14,0.5556,2.0827,5.7912
348,29159.55,3.872,1.5,2,14,0.6056,2.276,5.8084
349,29279.55,3.882,1.5,2,14,0.6556,2.4699,5.8229
350,29399.55,3.891,1.5,2,14,0.7056,2.6642,5.8362
351,29519.55,3.898,1.5,2,14,0.7556,2.8589,5.8467
352,29639.55,3.904,1.5,2,14,0.8056,3.054,5.8551
353,29759.55,3.909,1.5,2,14,0.8556,3.2493,5.8625
354,29879.55,3.913,1.5,2,14,0.9056,3.4448,5.8687
355,29999.55,3.917,1.5,2,14,0.9556,3.6405,5.8753
356,30119.55,3.921,1.5,2,14,1.0056,3.8365,5.8814
357,30239.55,3.926,1.5,2,14,1.0556,4.0327,5.8892
358,30359.55,3.932,1.5,2,14,1.1056,4.2291,5.8978
359,30479.55,3.938,1.5,2,14,1.1556,4.4258,5.906
360,30599.55,3.944,1.5,2,14,1.2056,4.6229,5.9168
361,30719.55,3.952,1.5,2,14,1.2556,4.8203,5.9266
362,30839.55,3.96,1.5,2,14,1.3056,5.018,5.9392
363,30959.55,3.968,1.5,2,14,1.3556,5.2162,5.9515
364,31079.55,3.977,1.5,2,14,1.4056,5.4148,5.9658
365,31199.55,3.987,1.5,2,14,1.4556,5.6139,5.9794
366,31319.55,3.997,1.5,2,14,1.5056,5.8135,5.9948
367,31439.55,4.007,1.5,2,14,1.5555,6.0136,6.0113
368,31559.55,4.019,1.5,2,14,1.6055,6.2142,6.0276
369,31679.55,4.03,1.5,2,14,1.6555,6.4154,6.0456
370,31799.55,4.042,1.5,2,14,1.7055,6.6172,6.0632
371,31919.55,4.055,1.5,2,14,1.7555,6.8197,6.0815
372,32039.55,4.068,1.5,2,14,1.8055,7.0227,6.1013
373,32159.55,4.081,1.5,2,14,1.8555,7.2264,6.1216
374,32279.55,4.096,1.5,2,14,1.9055,7.4309,6.1434
375,32399.55,4.11,1.5,2,14,1.9555,7.636,6.1651
376,32519.55,4.126,1.5,2,14,2.0055,7.8419,6.1885
377,32639.55,4.141,1.5,2,14,2.0555,8.0485,6.2112
378,32759.55,4.157,1.5,2,14,2.1055,8.256,6.2352
379,32879.55,4.174,1.5,2,14,2.1555,8.4643,6.2603
380,32999.55,4.191,1.5,2,14,2.2055,8.6734,6.2858
381,33119.55,4.209,1.5,2,14,2.2555,8.8834,6.3125
382,33239.55,4.227,1.5,2,14,2.3055,9.0942,6.3406
383,33359.55,4.245,1.5,2,14,2.3555,9.306,6.367
384,33479.55,4.264,1.5,2,14,2.4055,9.5187,6.3961
385,33599.55,4.283,1.5,2,14,2.4555,9.7324,6.424
386,33719.55,4.303,1.5,2,14,2.5055,9.9471,6.4544
387,33839.56,4.322,1.5,2,14,2.5555,10.1627,6.4839
388,33959.56,4.342,1.5,2,14,2.6055,10.3793,6.5131
389,34078.3,4.362,1.5,2,14,2.655,10.5946,6.5436
390,34197.68,4.382,1.5,2,14,2.7047,10.8121,6.5735
391,34316.79,4.402,1.5,2,14,2.7543,11.0301,6.6025
392,34436.79,4.422,1.5,2,14,2.8043,11.2507,6.6326
393,34556.79,4.442,1.5,2,14,2.8543,11.4723,6.662
394,34676.79,4.45,1.328,2,14,2.9026,11.6869,5.9102
395,34796.79,4.45,1.123,2,14,2.9433,11.8679,4.9986
396,34916.79,4.45,0.965,2,14,2.978,12.0225,4.2948
397,35036.79,4.45,0.838,2,14,3.008,12.1559,3.7296
398,35156.79,4.45,0.733,2,14,3.0341,12.2722,3.262
399,35276.79,4.45,0.645,2,14,3.057,12.3741,2.8699
400,35396.79,4.45,0.57,2,14,3.0772,12.464,2.5348
401,35516.79,4.45,0.507,2,14,3.0951,12.5438,2.2561
402,35636.79,4.45,0.452,2,14,3.1111,12.6148,2.0126
403,35756.79,4.45,0.405,2,14,3.1254,12.6783,1.8025
404,35876.79,4.45,0.364,2,14,3.1382,12.7353,1.6192
405,35996.79,4.45,0.328,2,14,3.1497,12.7866,1.4599
406,36116.79,4.45,0.297,2,14,3.1601,12.8329,1.3204
407,36236.79,4.45,0.269,2,14,3.1695,12.8748,1.1961
408,36356.79,4.45,0.243,2,14,3.178,12.9127,1.0807
409,36476.79,4.45,0.221,2,14,3.1858,12.9471,0.9849
410,36596.79,4.45,0.201,2,14,3.1928,12.9785,0.8956
411,36716.79,4.45,0.184,2,14,3.1992,13.007,0.8176
412,36836.79,4.45,0.168,2,14,3.2051,13.033,0.7483
413,36956.79,4.45,0.153,2,14,3.2104,13.0567,0.6804
414,36973.71,4.45,0.15,2,14,3.2111,13.0599,0.6671
415,36973.72,4.445,0.0,2,15,0.0,0.0,0.0
416,37093.72,4.439,0.0,2,15,0.0,0.0,0.0
417,37213.72,4.437,0.0,2,15,0.0,0.0,0.0
418,37333.72,4.437,0.0,2,15,0.0,0.0,0.0
419,37453.72,4.436,0.0,2,15,0.0,0.0,0.0
420,37573.71,4.435,0.0,2,15,0.0,0.0,0.0
421,37573.75,4.398,-0.902,2,16,0.0,0.0,3.9688
422,37693.75,4.368,-0.9,2,16,0.03,0.1313,3.9304
423,37813.75,4.356,-0.9,2,16,0.06,0.2622,3.9199
424,37933.75,4.346,-0.9,2,16,0.09,0.3927,3.9107
425,38053.75,4.336,-0.9,2,16,0.12,0.5229,3.9033
426,38173.75,4.328,-0.9,2,16,0.15,0.6529,3.894
427,38293.75,4.319,-0.9,2,16,0.18,0.7825,3.8859
428,38413.75,4.31,-0.9,2,16,0.21,0.912,3.8775
429,38533.75,4.3,-0.9,2,16,0.24,1.0411,3.8703
430,38653.75,4.291,-0.9,2,16,0.27,1.17,3.8615
431,38773.75,4.281,-0.9,2,16,0.3,1.2985,3.8531
432,38893.75,4.272,-0.9,2,16,0.33,1.4268,3.8447
433,39013.75,4.261,-0.9,2,16,0.36,1.5548,3.8345
434,39133.75,4.251,-0.9,2,16,0.39,1.6825,3.8268
435,39253.75,4.24,-0.9,2,16,0.42,1.8099,3.8166
436,39373.75,4.23,-0.9,2,16,0.45,1.9369,3.8059
437,39493.75,4.219,-0.9,2,16,0.48,2.0636,3.7966
438,39613.75,4.208,-0.9,2,16,0.51,2.19,3.7864
439,39733.75,4.196,-0.9,2,16,0.54,2.3161,3.777
440,39853.75,4.185,-0.9,2,16,0.57,2.4418,3.7661
441,39973.75,4.174,-0.9,2,16,0.6,2.5672,3.756
442,40093.75,4.163,-0.9,2,16,0.63,2.6922,3.7462
443,40213.75,4.151,-0.9,2,16,0.66,2.8169,3.7364
444,40333.75,4.14,-0.9,2,16,0.69,2.9413,3.7259
445,40453.75,4.129,-0.9,2,16,0.72,3.0653,3.7156
446,40573.75,4.117,-0.9,2,16,0.75,3.189,3.7057
447,40693.75,4.106,-0.9,2,16,0.78,3.3123,3.6958
448,40813.75,4.095,-0.9,2,16,0.81,3.4353,3.6851
449,40933.75,4.084,-0.9,2,16,0.84,3.558,3.6753
450,41053.75,4.073,-0.9,2,16,0.87,3.6803,3.6649
451,41173.75,4.062,-0.9,2,16,0.9,3.8024,3.6555
452,41293.75,4.051,-0.9,2,16,0.93,3.924,3.6456
453,41413.75,4.04,-0.9,2,16,0.96,4.0454,3.6367
454,41533.75,4.029,-0.9,2,16,0.99,4.1664,3.626
455,41653.75,4.018,-0.9,2,16,1.02,4.2871,3.6158
456,41773.75,4.007,-0.9,2,16,1.0499,4.4075,3.6069
457,41893.75,3.997,-0.9,2,16,1.0799,4.5275,3.5973
458,42013.75,3.986,-0.9,2,16,1.1099,4.6473,3.5874
459,42133.75,3.976,-0.9,2,16,1.1399,4.7667,3.5779
460,42253.75,3.965,-0.9,2,16,1.1699,4.8858,3.5683
461,42373.75,3.954,-0.9,2,16,1.1999,5.0046,3.559
462,42493.75,3.944,-0.9,2,16,1.2299,5.123,3.549
463,42613.75,3.934,-0.9,2,16,1.2599,5.2412,3.5402
464,42733.75,3.924,-0.9,2,16,1.2899,5.3591,3.5311
465,42853.75,3.914,-0.9,2,16,1.3199,5.4766,3.5214
466,42973.75,3.904,-0.9,2,16,1.3499,5.5939,3.5135
467,43093.75,3.895,-0.9,2,16,1.3799,5.7109,3.505
468,43213.75,3.887,-0.9,2,16,1.4099,5.8276,3.4976
469,43333.75,3.878,-0.9,2,16,1.4399,5.944,3.4896
470,43453.75,3.87,-0.9,2,16,1.4699,6.0603,3.4833
471,43573.75,3.862,-0.9,2,16,1.4999,6.1762,3.4763
472,43693.75,3.855,-0.9,2,16,1.5299,6.292,3.4689
473,43813.75,3.848,-0.9,2,16,1.5599,6.4075,3.4626
474,43933.75,3.841,-0.9,2,16,1.5899,6.5228,3.4565
475,44053.75,3.834,-0.9,2,16,1.6199,6.638,3.4511
476,44173.75,3.827,-0.9,2,16,1.6499,6.7529,3.4445
477,44293.75,3.821,-0.9,2,16,1.6799,6.8676,3.4393
478,44413.75,3.815,-0.9,2,16,1.7099,6.9821,3.4328
479,44533.75,3.808,-0.9,2,16,1.7399,7.0965,3.4281
480,44653.75,3.803,-0.9,2,16,1.7699,7.2106,3.4221
481,44773.75,3.797,-0.9,2,16,1.7999,7.3246,3.4175
482,44893.75,3.791,-0.9,2,16,1.8299,7.4384,3.412
483,45013.75,3.786,-0.9,2,16,1.8599,7.5521,3.4069
484,45133.75,3.78,-0.9,2,16,1.8899,7.6656,3.4022
485,45253.75,3.775,-0.9,2,16,1.9199,7.7789,3.3976
486,45373.75,3.77,-0.9,2,16,1.9499,7.8921,3.3924
487,45493.75,3.765,-0.9,2,16,1.9799,8.0051,3.3883
488,45613.75,3.76,-0.9,2,16,2.0099,8.118,3.3845
489,45733.75,3.756,-0.9,2,16,2.0399,8.2307,3.38
490,45853.75,3.751,-0.9,2,16,2.0699,8.3433,3.3755
491,45973.75,3.746,-0.9,2,16,2.0999,8.4557,3.3722
492,46093.75,3.742,-0.9,2,16,2.1299,8.5681,3.3678
493,46213.75,3.738,-0.9,2,16,2.1599,8.6803,3.3636
494,46333.75,3.734,-0.9,2,16,2.1899,8.7923,3.3604
495,46453.75,3.729,-0.9,2,16,2.2199,8.9043,3.3564
496,46573.75,3.725,-0.9,2,16,2.2499,9.0161,3.3519
497,46693.75,3.721,-0.9,2,16,2.2799,9.1278,3.3491
498,46813.75,3.717,-0.9,2,16,2.3099,9.2394,3.345
499,46933.75,3.714,-0.9,2,16,2.3399,9.3508,3.3421
500,47053.75,3.71,-0.9,2,16,2.3699,9.4622,3.3389
501,47173.75,3.706,-0.9,2,16,2.3999,9.5734,3.3352
502,47293.75,3.702,-0.9,2,16,2.4299,9.6845,3.3315
503,47413.75,3.698,-0.9,2,16,2.4599,9.7955,3.3286
504,47533.75,3.694,-0.9,2,16,2.4899,9.9064,3.325
505,47653.75,3.69,-0.9,2,16,2.5199,10.0171,3.3214
506,47773.75,3.686,-0.9,2,16,2.5499,10.1278,3.3169
507,47893.75,3.681,-0.9,2,16,2.5799,10.2383,3.3124
508,48013.75,3.676,-0.9,2,16,2.6099,10.3486,3.3083
509,48133.75,3.67,-0.9,2,16,2.6399,10.4588,3.303
510,48253.75,3.665,-0.9,2,16,2.6699,10.5688,3.2977
511,48373.75,3.658,-0.9,2,16,2.6999,10.6787,3.2928
512,48493.75,3.652,-0.9,2,16,2.7299,10.7883,3.286
513,48613.75,3.645,-0.9,2,16,2.7599,10.8978,3.2804
514,48733.75,3.639,-0.9,2,16,2.7898,11.007,3.2747
515,48853.75,3.633,-0.9,2,16,2.8198,11.1161,3.27
516,48973.75,3.628,-0.9,2,16,2.8498,11.225,3.2645
517,49093.75,3.624,-0.9,2,16,2.8798,11.3338,3.2608
518,49213.75,3.619,-0.9,2,16,2.9098,11.4424,3.2564
519,49333.75,3.613,-0.9,2,16,2.9398,11.5509,3.2512
520,49453.75,3.605,-0.9,2,16,2.9698,11.6591,3.2446
521,49573.75,3.593,-0.9,2,16,2.9998,11.7671,3.2334
522,49693.75,3.574,-0.9,2,16,3.0298,11.8747,3.2173
523,49813.75,3.544,-0.9,2,16,3.0598,11.9815,3.1888
524,49933.75,3.498,-0.9,2,16,3.0898,12.0871,3.1484
525,50053.75,3.437,-0.9,2,16,3.1198,12.1912,3.0938
526,50173.75,3.355,-0.9,2,16,3.1498,12.2931,3.0192
527,50293.75,3.231,-0.9,2,16,3.1798,12.3921,2.907
528,50399.75,3.0,-0.9,2,16,3.2063,12.4752,2.6997
529,50399.76,3.033,0.0,2,17,0.0,0.0,0.0
530,50519.76,3.101,0.0,2,17,0.0,0.0,0.0
531,50639.76,3.114,0.0,2,17,0.0,0.0,0.0
532,50759.76,3.122,0.0,2,17,0.0,0.0,0.0
533,50879.76,3.129,0.0,2,17,0.0,0.0,0.0
534,50999.75,3.134,0.0,2,17,0.0,0.0,0.0
535,50999.8,3.135,0.0,3,14,0.0,0.0,0.0005
536,51000.31,3.205,1.5,3,14,0.0,0.0001,4.808
537,51002.52,3.226,1.5,3,14,0.001,0.0031,4.8382
538,51005.65,3.246,1.5,3,14,0.0023,0.0073,4.8698
539,51009.28,3.267,1.5,3,14,0.0038,0.0122,4.8996
540,51013.46,3.287,1.5,3,14,0.0055,0.018,4.9305
541,51018.22,3.307,1.5,3,14,0.0075,0.0245,4.9607
542,51023.59,3.328,1.5,3,14,0.0097,0.0319,4.9913
543,51029.59,3.348,1.5,3,14,0.0122,0.0403,5.0211
544,51036.26,3.368,1.5,3,14,0.015,0.0496,5.0523
545,51043.63,3.388,1.5,3,14,0.0181,0.06,5.0828
546,51051.76,3.408,1.5,3,14,0.0215,0.0715,5.1127
547,51060.69,3.429,1.5,3,14,0.0252,0.0842,5.1432
548,51070.51,3.449,1.5,3,14,0.0293,0.0983,5.1729
549,51081.2,3.469,1.5,3,14,0.0337,0.1137,5.2028
550,51092.88,3.489,1.5,3,14,0.0386,0.1306,5.2335
551,51105.7,3.509,1.5,3,14,0.044,0.1493,5.2632
552,51119.42,3.529,1.5,3,14,0.0497,0.1694,5.2934
553,51134.63,3.55,1.5,3,14,0.056,0.1919,5.3237
554,51150.99,3.57,1.5,3,14,0.0628,0.2161,5.354
555,51168.79,3.59,1.5,3,14,0.0702,0.2427,5.3845
556,51188.06,3.61,1.5,3,14,0.0783,0.2716,5.4147
557,51208.98,3.63,1.5,3,14,0.087,0.3031,5.4445
558,51231.88,3.65,1.5,3,14,0.0965,0.3379,5.475
559,51256.7,3.67,1.5,3,14,0.1069,0.3757,5.5047
560,51283.96,3.69,1.5,3,14,0.1182,0.4175,5.5347
561,51313.46,3.71,1.5,3,14,0.1305,0.463,5.565
562,51345.93,3.73,1.5,3,14,0.144,0.5133,5.5956
563,51382.04,3.75,1.5,3,14,0.1591,0.5696,5.6257
564,51424.29,3.77,1.5,3,14,0.1767,0.6358,5.6555
565,51503.38,3.79,1.5,3,14,0.2096,0.7605,5.6856
566,51623.38,3.799,1.5,3,14,0.2596,0.9502,5.6984
567,51743.38,3.808,1.5,3,14,0.3096,1.1404,5.7114
568,51863.38,3.817,1.5,3,14,0.3596,1.331,5.7256
569,51983.38,3.827,1.5,3,14,0.4096,1.5221,5.7407
570,52103.38,3.839,1.5,3,14,0.4596,1.7137,5.7589
571,52223.38,3.851,1.5,3,14,0.5096,1.906,5.7765
572,52343.38,3.863,1.5,3,14,0.5596,2.0988,5.7937
573,52463.38,3.874,1.5,3,14,0.6096,2.2922,5.81
574,52583.38,3.884,1.5,3,14,0.6596,2.4862,5.8256
575,52703.38,3.892,1.5,3,14,0.7096,2.6806,5.8394
576,52823.38,3.9,1.5,3,14,0.7596,2.8754,5.8489
577,52943.38,3.905,1.5,3,14,0.8096,3.0705,5.8581
578,53063.38,3.91,1.5,3,14,0.8596,3.2659,5.8633
579,53183.38,3.914,1.5,3,14,0.9096,3.4615,5.8703
580,53303.38,3.919,1.5,3,14,0.9596,3.6573,5.8773
581,53423.38,3.923,1.5,3,14,1.0096,3.8533,5.8843
582,53543.38,3.928,1.5,3,14,1.0596,4.0496,5.8911
583,53663.38,3.933,1.5,3,14,1.1096,4.2461,5.9002
584,53783.38,3.939,1.5,3,14,1.1596,4.4429,5.9086
585,53903.38,3.946,1.5,3,14,1.2096,4.64,5.9192
586,54023.38,3.954,1.5,3,14,1.2596,4.8375,5.9302
587,54143.38,3.961,1.5,3,14,1.3096,5.0353,5.9417
588,54263.38,3.97,1.5,3,14,1.3596,5.2336,5.9546
589,54383.38,3.979,1.5,3,14,1.4096,5.4323,5.9678
590,54503.38,3.988,1.5,3,14,1.4596,5.6315,5.9829
591,54623.38,3.999,1.5,3,14,1.5096,5.8312,5.9979
592,54743.38,4.01,1.5,3,14,1.5596,6.0314,6.014
593,54863.38,4.021,1.5,3,14,1.6096,6.2321,6.0309
594,54983.38,4.033,1.5,3,14,1.6596,6.4334,6.0487
595,55103.38,4.045,1.5,3,14,1.7096,6.6354,6.0667
596,55223.38,4.057,1.5,3,14,1.7596,6.8379,6.0857
597,55343.38,4.07,1.5,3,14,1.8096,7.0411,6.1045
598,55463.38,4.084,1.5,3,14,1.8596,7.245,6.1265
599,55583.38,4.098,1.5,3,14,1.9096,7.4495,6.1484
600,55703.38,4.113,1.5,3,14,1.9596,7.6548,6.1697
601,55823.38,4.129,1.5,3,14,2.0096,7.8609,6.193
602,55943.38,4.144,1.5,3,14,2.0596,8.0677,6.2157
603,56063.38,4.161,1.5,3,14,2.1096,8.2753,6.2411
604,56183.38,4.177,1.5,3,14,2.1596,8.4837,6.2659
605,56303.38,4.194,1.5,3,14,2.2096,8.693,6.2914
606,56423.38,4.212,1.5,3,14,2.2596,8.9032,6.3187
607,56543.38,4.23,1.5,3,14,2.3096,9.1142,6.3457
608,56663.38,4.249,1.5,3,14,2.3596,9.3262,6.3735
609,56783.39,4.268,1.5,3,14,2.4096,9.5391,6.401
610,56903.39,4.287,1.5,3,14,2.4596,9.7529,6.4292
611,57023.39,4.307,1.5,3,14,2.5095,9.9678,6.4597
612,57143.39,4.326,1.5,3,14,2.5595,10.1836,6.4902
613,57263.39,4.347,1.5,3,14,2.6095,10.4004,6.5193
614,57382.81,4.367,1.5,3,14,2.6593,10.6172,6.5489
615,57501.42,4.387,1.5,3,14,2.7087,10.8334,6.5789
616,57620.42,4.407,1.5,3,14,2.7583,11.0514,6.6104
617,57740.43,4.426,1.5,3,14,2.8083,11.2723,6.6391
618,57860.43,4.446,1.5,3,14,2.8583,11.4941,6.6689
619,57980.43,4.45,1.28,3,14,2.9051,11.7025,5.6946
620,58100.43,4.45,1.088,3,14,2.9445,11.8775,4.8428
621,58220.43,4.45,0.939,3,14,2.9782,12.0275,4.1774
622,58340.43,4.45,0.817,3,14,3.0074,12.1574,3.6365
623,58460.43,4.45,0.716,3,14,3.0329,12.2708,3.185
624,58580.43,4.45,0.631,3,14,3.0553,12.3705,2.8098
625,58700.43,4.45,0.56,3,14,3.0751,12.4587,2.492
626,58820.43,4.45,0.499,3,14,3.0927,12.5371,2.2184
627,58940.43,4.45,0.446,3,14,3.1084,12.607,1.9828
628,59060.43,4.45,0.4,3,14,3.1225,12.6696,1.7784
629,59180.43,4.45,0.36,3,14,3.1351,12.7259,1.6001
630,59300.43,4.45,0.325,3,14,3.1465,12.7766,1.4443
631,59420.43,4.45,0.294,3,14,3.1568,12.8224,1.3064
632,59540.43,4.45,0.266,3,14,3.1661,12.8639,1.1818
633,59660.43,4.45,0.242,3,14,3.1746,12.9016,1.0759
634,59780.43,4.45,0.221,3,14,3.1823,12.9359,0.9819
635,59900.43,4.45,0.201,3,14,3.1893,12.9671,0.896
636,60020.43,4.45,0.183,3,14,3.1957,12.9956,0.8148
637,60140.43,4.45,0.167,3,14,3.2016,13.0216,0.7445
638,60260.43,4.45,0.153,3,14,3.2069,13.0454,0.6821
639,60281.67,4.45,0.15,3,14,3.2078,13.0494,0.6671
640,60281.68,4.445,0.0,3,15,0.0,0.0,0.0
641,60401.68,4.439,0.0,3,15,0.0,0.0,0.0
642,60521.68,4.437,0.0,3,15,0.0,0.0,0.0
643,60641.68,4.436,0.0,3,15,0.0,0.0,0.0
644,60761.68,4.436,0.0,3,15,0.0,0.0,0.0
645,60881.67,4.435,0.0,3,15,0.0,0.0,0.0
646,60881.71,4.398,-0.902,3,16,0.0,0.0,3.9662
647,61001.71,4.366,-0.9,3,16,0.03,0.1313,3.9298
648,61121.71,4.354,-0.9,3,16,0.06,0.2621,3.9189
649,61241.71,4.344,-0.9,3,16,0.09,0.3925,3.9099
650,61361.71,4.334,-0.9,3,16,0.12,0.5227,3.9009
651,61481.71,4.325,-0.9,3,16,0.15,0.6526,3.8931
652,61601.71,4.317,-0.9,3,16,0.18,0.7822,3.8851
653,61721.71,4.307,-0.9,3,16,0.21,0.9116,3.8766
654,61841.71,4.298,-0.9,3,16,0.24,1.0406,3.8681
655,61961.71,4.289,-0.9,3,16,0.27,1.1694,3.8599
656,62081.71,4.279,-0.9,3,16,0.3,1.298,3.8512
657,62201.71,4.269,-0.9,3,16,0.33,1.4262,3.842
658,62321.71,4.259,-0.9,3,16,0.36,1.5541,3.8332
659,62441.71,4.249,-0.9,3,16,0.39,1.6817,3.8241
660,62561.71,4.238,-0.9,3,16,0.42,1.809,3.8132
661,62681.71,4.227,-0.9,3,16,0.45,1.936,3.8041
662,62801.71,4.216,-0.9,3,16,0.48,2.0626,3.7946
663,62921.71,4.205,-0.9,3,16,0.51,2.189,3.7837
664,63041.71,4.194,-0.9,3,16,0.54,2.3149,3.7745
665,63161.71,4.183,-0.9,3,16,0.57,2.4406,3.7644
666,63281.71,4.172,-0.9,3,16,0.6,2.5659,3.7534
667,63401.71,4.16,-0.9,3,16,0.63,2.6909,3.7438
668,63521.71,4.149,-0.9,3,16,0.66,2.8155,3.7336
669,63641.71,4.138,-0.9,3,16,0.69,2.9398,3.7234
670,63761.71,4.126,-0.9,3,16,0.72,3.0637,3.713
671,63881.71,4.115,-0.9,3,16,0.75,3.1874,3.7025
672,64001.71,4.104,-0.9,3,16,0.78,3.3106,3.6925
673,64121.71,4.093,-0.9,3,16,0.81,3.4336,3.6833
674,64241.71,4.082,-0.9,3,16,0.84,3.5562,3.6736
675,64361.71,4.07,-0.9,3,16,0.87,3.6785,3.6627
676,64481.71,4.059,-0.9,3,16,0.9,3.8004,3.6536
677,64601.71,4.048,-0.9,3,16,0.93,3.922,3.6435
678,64721.71,4.038,-0.9,3,16,0.96,4.0433,3.634
679,64841.71,4.027,-0.9,3,16,0.99,4.1643,3.6241
680,64961.71,4.016,-0.9,3,16,1.02,4.2849,3.6138
681,65081.71,4.005,-0.9,3,16,1.0499,4.4052,3.6045
682,65201.71,3.994,-0.9,3,16,1.0799,4.5252,3.5952
683,65321.71,3.984,-0.9,3,16,1.1099,4.6448,3.5847
684,65441.71,3.973,-0.9,3,16,1.1399,4.7642,3.5759
685,65561.71,3.962,-0.9,3,16,1.1699,4.8832,3.5664
686,65681.71,3.952,-0.9,3,16,1.1999,5.0019,3.5563
687,65801.71,3.942,-0.9,3,16,1.2299,5.1203,3.5467
688,65921.71,3.931,-0.9,3,16,1.2599,5.2384,3.5378
689,66041.71,3.921,-0.9,3,16,1.2899,5.3562,3.5284
690,66161.71,3.911,-0.9,3,16,1.3199,5.4737,3.5205
691,66281.71,3.902,-0.9,3,16,1.3499,5.5909,3.5117
692,66401.71,3.893,-0.9,3,16,1.3799,5.7078,3.5025
693,66521.71,3.884,-0.9,3,16,1.4099,5.8245,3.496
694,66641.71,3.876,-0.9,3,16,1.4399,5.9409,3.4879
695,66761.71,3.868,-0.9,3,16,1.4699,6.057,3.4807
696,66881.71,3.86,-0.9,3,16,1.4999,6.1729,3.4739
697,67001.71,3.853,-0.9,3,16,1.5299,6.2886,3.4674
698,67121.71,3.846,-0.9,3,16,1.5599,6.4041,3.4618
699,67241.71,3.839,-0.9,3,16,1.5899,6.5194,3.4549
700,67361.71,3.832,-0.9,3,16,1.6199,6.6344,3.4488
701,67481.71,3.826,-0.9,3,16,1.6499,6.7493,3.4426
702,67601.71,3.819,-0.9,3,16,1.6799,6.864,3.4372
703,67721.71,3.813,-0.9,3,16,1.7099,6.9784,3.4303
704,67841.71,3.807,-0.9,3,16,1.7399,7.0927,3.4261
705,67961.71,3.801,-0.9,3,16,1.7699,7.2068,3.4205
706,68081.71,3.795,-0.9,3,16,1.7999,7.3208,3.4146
707,68201.71,3.79,-0.9,3,16,1.8299,7.4345,3.4108
708,68321.71,3.784,-0.9,3,16,1.8599,7.5481,3.4056
709,68441.71,3.779,-0.9,3,16,1.8899,7.6616,3.401
710,68561.71,3.773,-0.9,3,16,1.9199,7.7748,3.3958
711,68681.71,3.768,-0.9,3,16,1.9499,7.888,3.3912
712,68801.71,3.764,-0.9,3,16,1.9799,8.0009,3.3863
713,68921.71,3.759,-0.9,3,16,2.0099,8.1138,3.3828
714,69041.71,3.754,-0.9,3,16,2.0399,8.2264,3.3782
715,69161.71,3.749,-0.9,3,16,2.0699,8.339,3.374
716,69281.71,3.745,-0.9,3,16,2.0999,8.4514,3.3707
717,69401.71,3.741,-0.9,3,16,2.1299,8.5637,3.3665
718,69521.71,3.736,-0.9,3,16,2.1599,8.6758,3.3625
719,69641.71,3.732,-0.9,3,16,2.1899,8.7878,3.3583
720,69761.71,3.728,-0.9,3,16,2.2199,8.8997,3.3537
721,69881.71,3.724,-0.9,3,16,2.2499,9.0115,3.3511
722,70001.71,3.72,-0.9,3,16,2.2799,9.1232,3.3477
723,70121.71,3.716,-0.9,3,16,2.3099,9.2347,3.3447
724,70241.71,3.712,-0.9,3,16,2.3399,9.3461,3.3404
725,70361.71,3.708,-0.9,3,16,2.3699,9.4574,3.3369
726,70481.71,3.705,-0.9,3,16,2.3999,9.5686,3.3345
727,70601.71,3.701,-0.9,3,16,2.4299,9.6797,3.3305
728,70721.71,3.697,-0.9,3,16,2.4599,9.7907,3.3275
729,70841.71,3.693,-0.9,3,16,2.4899,9.9015,3.3235
730,70961.71,3.689,-0.9,3,16,2.5199,10.0122,3.3197
731,71081.71,3.684,-0.9,3,16,2.5499,10.1228,3.3154
732,71201.71,3.68,-0.9,3,16,2.5799,10.2333,3.3121
733,71321.71,3.675,-0.9,3,16,2.6099,10.3436,3.3061
734,71441.71,3.669,-0.9,3,16,2.6399,10.4538,3.3018
735,71561.71,3.663,-0.9,3,16,2.6699,10.5637,3.2962
736,71681.71,3.657,-0.9,3,16,2.6999,10.6735,3.2906
737,71801.71,3.65,-0.9,3,16,2.7299,10.7831,3.2847
738,71921.71,3.644,-0.9,3,16,2.7599,10.8925,3.2793
739,72041.71,3.637,-0.9,3,16,2.7898,11.0017,3.2729
740,72161.71,3.631,-0.9,3,16,2.8198,11.1108,3.267
741,72281.71,3.627,-0.9,3,16,2.8498,11.2196,3.2636
742,72401.71,3.622,-0.9,3,16,2.8798,11.3284,3.26
743,72521.71,3.617,-0.9,3,16,2.9098,11.4369,3.2551
744,72641.71,3.611,-0.9,3,16,2.9398,11.5453,3.249
745,72761.71,3.602,-0.9,3,16,2.9698,11.6535,3.2423
746,72881.71,3.59,-0.9,3,16,2.9998,11.7614,3.2306
747,73001.71,3.57,-0.9,3,16,3.0298,11.8689,3.2131
748,73121.71,3.539,-0.9,3,16,3.0598,11.9755,3.1849
749,73241.71,3.492,-0.9,3,16,3.0898,12.081,3.1423
750,73361.71,3.429,-0.9,3,16,3.1198,12.1849,3.0854
751,73481.71,3.344,-0.9,3,16,3.1498,12.2865,3.0094
752,73601.71,3.214,-0.9,3,16,3.1798,12.3851,2.8923
753,73696.66,3.0,-0.9,3,16,3.2036,12.4593,2.7004
754,73696.67,3.033,0.0,3,17,0.0,0.0,0.0
755,73816.67,3.104,0.0,3,17,0.0,0.0,0.0
756,73936.67,3.116,0.0,3,17,0.0,0.0,0.0
757,74056.67,3.124,0.0,3,17,0.0,0.0,0.0
758,74176.67,3.131,0.0,3,17,0.0,0.0,0.0
759,74296.66,3.136,0.0,3,17,0.0,0.0,0.0
760,74296.71,3.136,0.0,4,14,0.0,0.0,0.0005
761,74297.22,3.208,1.5,4,14,0.0,0.0001,4.8119
762,74299.42,3.228,1.5,4,14,0.001,0.0031,4.8428
763,74302.54,3.249,1.5,4,14,0.0023,0.0073,4.873
764,74306.2,3.269,1.5,4,14,0.0038,0.0123,4.9036
765,74310.38,3.289,1.5,4,14,0.0055,0.018,4.9341
766,74315.15,3.31,1.5,4,14,0.0075,0.0245,4.9648
767,74320.55,3.33,1.5,4,14,0.0098,0.032,4.9946
768,74326.6,3.35,1.5,4,14,0.0123,0.0404,5.0251
769,74333.31,3.371,1.5,4,14,0.0151,0.0498,5.0551
770,74340.77,3.391,1.5,4,14,0.0182,0.0603,5.0862
771,74348.79,3.411,1.5,4,14,0.0215,0.0717,5.1156
772,74357.77,3.431,1.5,4,14,0.0253,0.0845,5.1465
773,74367.58,3.451,1.5,4,14,0.0294,0.0986,5.1769
774,74378.26,3.471,1.5,4,14,0.0338,0.114,5.2068
775,74389.94,3.491,1.5,4,14,0.0387,0.1309,5.2369
776,74402.71,3.511,1.5,4,14,0.044,0.1495,5.2667
777,74416.55,3.532,1.5,4,14,0.0498,0.1699,5.297
778,74431.73,3.552,1.5,4,14,0.0561,0.1923,5.3271
779,74448.03,3.572,1.5,4,14,0.0629,0.2164,5.3571
780,74465.98,3.592,1.5,4,14,0.0704,0.2432,5.3877
781,74485.19,3.612,1.5,4,14,0.0784,0.2721,5.4177
782,74506.1,3.632,1.5,4,14,0.0871,0.3036,5.4478
783,74528.92,3.652,1.5,4,14,0.0966,0.3382,5.478
784,74553.85,3.672,1.5,4,14,0.107,0.3763,5.5084
785,74580.86,3.692,1.5,4,14,0.1182,0.4177,5.5379
786,74610.38,3.712,1.5,4,14,0.1305,0.4633,5.5679
787,74642.96,3.732,1.5,4,14,0.1441,0.5138,5.5983
788,74679.25,3.752,1.5,4,14,0.1592,0.5704,5.6287
789,74721.41,3.772,1.5,4,14,0.1768,0.6365,5.6584
790,74802.47,3.792,1.5,4,14,0.2106,0.7643,5.6887
791,74922.47,3.801,1.5,4,14,0.2606,0.9541,5.7006
792,75042.47,3.809,1.5,4,14,0.3106,1.1444,5.7135
793,75162.47,3.819,1.5,4,14,0.3605,1.3351,5.7267
794,75282.47,3.829,1.5,4,14,0.4105,1.5263,5.7433
795,75402.48,3.841,1.5,4,14,0.4605,1.718,5.7611
796,75522.48,3.853,1.5,4,14,0.5105,1.9104,5.7801
797,75642.48,3.865,1.5,4,14,0.5605,2.1033,5.797
798,75762.49,3.876,1.5,4,14,0.6105,2.2968,5.8131
799,75882.49,3.886,1.5,4,14,0.6605,2.4909,5.8284
800,76002.49,3.894,1.5,4,14,0.7105,2.6854,5.8409
801,76122.49,3.901,1.5,4,14,0.7605,2.8803,5.8511
802,76242.49,3.907,1.5,4,14,0.8105,3.0755,5.8607
803,76362.49,3.912,1.5,4,14,0.8605,3.271,5.8667
804,76482.49,3.916,1.5,4,14,0.9105,3.4666,5.8734
805,76602.49,3.92,1.5,4,14,0.9605,3.6625,5.8795
806,76722.49,3.924,1.5,4,14,1.0105,3.8587,5.8863
807,76842.49,3.93,1.5,4,14,1.0605,4.055,5.8938
808,76962.49,3.935,1.5,4,14,1.1105,4.2516,5.9012
809,77082.49,3.941,1.5,4,14,1.1605,4.4485,5.9119
810,77202.49,3.948,1.5,4,14,1.2105,4.6457,5.9206
811,77322.49,3.955,1.5,4,14,1.2605,4.8432,5.9322
812,77442.49,3.963,1.5,4,14,1.3105,5.0412,5.9447
813,77562.49,3.971,1.5,4,14,1.3605,5.2395,5.9567
814,77682.49,3.98,1.5,4,14,1.4105,5.4383,5.9703
815,77802.49,3.99,1.5,4,14,1.4605,5.6375,5.9847
816,77922.49,4.0,1.5,4,14,1.5105,5.8373,5.9998
817,78042.49,4.011,1.5,4,14,1.5605,6.0376,6.0162
818,78162.49,4.023,1.5,4,14,1.6105,6.2384,6.033
819,78282.49,4.034,1.5,4,14,1.6605,6.4398,6.0512
820,78402.49,4.047,1.5,4,14,1.7105,6.6418,6.07
821,78522.49,4.059,1.5,4,14,1.7605,6.8444,6.0881
822,78642.49,4.072,1.5,4,14,1.8105,7.0477,6.108
823,78762.49,4.086,1.5,4,14,1.8605,7.2517,6.129
824,78882.49,4.1,1.5,4,14,1.9105,7.4563,6.1511
825,79002.5,4.115,1.5,4,14,1.9605,7.6617,6.1718
826,79122.5,4.131,1.5,4,14,2.0105,7.8679,6.1953
827,79242.5,4.146,1.5,4,14,2.0605,8.0748,6.2191
828,79362.5,4.163,1.5,4,14,2.1105,8.2825,6.2437
829,79482.5,4.179,1.5,4,14,2.1605,8.491,6.2685
830,79602.5,4.196,1.5,4,14,2.2105,8.7004,6.2945
831,79722.5,4.214,1.5,4,14,2.2605,8.9107,6.3209
832,79842.5,4.232,1.5,4,14,2.3105,9.1218,6.3483
833,79962.5,4.251,1.5,4,14,2.3605,9.3339,6.3765
834,80082.5,4.27,1.5,4,14,2.4105,9.5469,6.4049
835,80202.5,4.289,1.5,4,14,2.4605,9.7609,6.4326
836,80322.5,4.309,1.5,4,14,2.5105,9.9758,6.4629
837,80442.5,4.329,1.5,4,14,2.5605,10.1917,6.4931
838,80561.6,4.349,1.5,4,14,2.6101,10.407,6.5231
839,80680.16,4.369,1.5,4,14,2.6595,10.6223,6.5524
840,80798.53,4.389,1.5,4,14,2.7088,10.8383,6.5825
841,80917.81,4.409,1.5,4,14,2.7585,11.0569,6.6126
842,81037.81,4.428,1.5,4,14,2.8085,11.2778,6.6422
843,81157.81,4.448,1.5,4,14,2.8585,11.4997,6.6715
844,81277.82,4.45,1.257,4,14,2.9045,11.7045,5.5959
845,81397.82,4.45,1.073,4,14,2.9432,11.8767,4.7728
846,81517.82,4.45,0.927,4,14,2.9765,12.0246,4.1237
847,81637.82,4.45,0.807,4,14,3.0053,12.153,3.5916
848,81757.82,4.45,0.709,4,14,3.0305,12.2652,3.1562
849,81877.82,4.45,0.626,4,14,3.0527,12.364,2.7863
850,81997.82,4.45,0.555,4,14,3.0724,12.4515,2.4706
851,82117.82,4.45,0.495,4,14,3.0899,12.5294,2.2044
852,82237.82,4.45,0.444,4,14,3.1055,12.599,1.9739
853,82357.82,4.45,0.399,4,14,3.1195,12.6614,1.7756
854,82477.82,4.45,0.359,4,14,3.1322,12.7175,1.596
855,82597.82,4.45,0.324,4,14,3.1435,12.7681,1.4419
856,82717.82,4.45,0.294,4,14,3.1538,12.8139,1.3078
857,82837.82,4.45,0.266,4,14,3.1632,12.8555,1.1849
858,82957.82,4.45,0.243,4,14,3.1717,12.8932,1.0796
859,83077.82,4.45,0.221,4,14,3.1794,12.9276,0.9836
860,83197.82,4.45,0.202,4,14,3.1864,12.959,0.898
861,83317.82,4.45,0.184,4,14,3.1928,12.9876,0.8175
862,83437.82,4.45,0.168,4,14,3.1987,13.0137,0.7486
863,83557.82,4.45,0.154,4,14,3.2041,13.0376,0.6865
864,83591.8,4.45,0.15,4,14,3.2055,13.044,0.6675
865,83591.81,4.444,0.0,4,15,0.0,0.0,0.0
866,83711.81,4.439,0.0,4,15,0.0,0.0,0.0
867,83831.81,4.437,0.0,4,15,0.0,0.0,0.0
868,83951.81,4.436,0.0,4,15,0.0,0.0,0.0
869,84071.81,4.435,0.0,4,15,0.0,0.0,0.0
870,84191.8,4.435,0.0,4,15,0.0,0.0,0.0
871,84191.84,4.397,-0.901,4,16,0.0,0.0,3.9632
872,84311.84,4.365,-0.9,4,16,0.03,0.1313,3.9278
873,84431.84,4.353,-0.9,4,16,0.06,0.262,3.9183
874,84551.84,4.343,-0.9,4,16,0.09,0.3925,3.9083
875,84671.84,4.334,-0.9,4,16,0.12,0.5226,3.8998
876,84791.84,4.325,-0.9,4,16,0.15,0.6525,3.8911
877,84911.84,4.316,-0.9,4,16,0.18,0.7821,3.884
878,85031.84,4.307,-0.9,4,16,0.21,0.9114,3.8761
879,85151.84,4.297,-0.9,4,16,0.24,1.0404,3.8669
880,85271.84,4.288,-0.9,4,16,0.27,1.1692,3.8585
881,85391.84,4.278,-0.9,4,16,0.3,1.2977,3.8505
882,85511.84,4.268,-0.9,4,16,0.33,1.4259,3.8419
883,85631.84,4.258,-0.9,4,16,0.36,1.5538,3.8327
884,85751.84,4.248,-0.9,4,16,0.39,1.6814,3.8231
885,85871.84,4.237,-0.9,4,16,0.42,1.8087,3.8135
886,85991.84,4.226,-0.9,4,16,0.45,1.9356,3.8034
887,86111.84,4.215,-0.9,4,16,0.48,2.0622,3.7937
888,86231.84,4.204,-0.9,4,16,0.51,2.1885,3.7835
889,86351.84,4.193,-0.9,4,16,0.54,2.3145,3.7729
890,86471.84,4.182,-0.9,4,16,0.57,2.4401,3.764
891,86591.84,4.171,-0.9,4,16,0.6,2.5654,3.7532
892,86711.84,4.16,-0.9,4,16,0.63,2.6903,3.7438
893,86831.84,4.148,-0.9,4,16,0.66,2.8149,3.7327
894,86951.84,4.137,-0.9,4,16,0.69,2.9392,3.7223
895,87071.84,4.126,-0.9,4,16,0.72,3.0631,3.7122
896,87191.84,4.114,-0.9,4,16,0.75,3.1867,3.7027
897,87311.84,4.103,-0.9,4,16,0.78,3.31,3.6928
898,87431.84,4.092,-0.9,4,16,0.81,3.4329,3.6826
899,87551.84,4.081,-0.9,4,16,0.84,3.5555,3.6725
900,87671.84,4.07,-0.9,4,16,0.87,3.6777,3.6628
901,87791.84,4.058,-0.9,4,16,0.9,3.7996,3.6525
902,87911.84,4.048,-0.9,4,16,0.93,3.9212,3.6424
903,88031.84,4.037,-0.9,4,16,0.96,4.0425,3.6329
904,88151.84,4.026,-0.9,4,16,0.99,4.1634,3.6224
905,88271.84,4.015,-0.9,4,16,1.02,4.284,3.6134
906,88391.84,4.004,-0.9,4,16,1.0499,4.4043,3.6032
907,88511.84,3.993,-0.9,4,16,1.0799,4.5242,3.5937
908,88631.84,3.983,-0.9,4,16,1.1099,4.6439,3.5847
909,88751.84,3.972,-0.9,4,16,1.1399,4.7632,3.5742
910,88871.84,3.961,-0.9,4,16,1.1699,4.8822,3.5652
911,88991.84,3.951,-0.9,4,16,1.1999,5.0009,3.5558
912,89111.84,3.94,-0.9,4,16,1.2299,5.1192,3.5457
913,89231.84,3.93,-0.9,4,16,1.2599,5.2373,3.5366
914,89351.84,3.92,-0.9,4,16,1.2899,5.355,3.5276
915,89471.84,3.911,-0.9,4,16,1.3199,5.4725,3.5194
916,89591.84,3.901,-0.9,4,16,1.3499,5.5897,3.5103
917,89711.84,3.892,-0.9,4,16,1.3799,5.7066,3.5022
918,89831.84,3.883,-0.9,4,16,1.4099,5.8232,3.4945
919,89951.84,3.875,-0.9,4,16,1.4399,5.9396,3.4882
920,90071.84,3.867,-0.9,4,16,1.4699,6.0557,3.4804
921,90191.84,3.86,-0.9,4,16,1.4999,6.1716,3.4741
922,90311.84,3.852,-0.9,4,16,1.5299,6.2873,3.4668
923,90431.84,3.845,-0.9,4,16,1.5599,6.4027,3.4597
924,90551.84,3.838,-0.9,4,16,1.5899,6.5179,3.4544
925,90671.84,3.831,-0.9,4,16,1.6199,6.633,3.4473
926,90791.84,3.825,-0.9,4,16,1.6499,6.7478,3.4423
927,90911.84,3.818,-0.9,4,16,1.6799,6.8624,3.436
928,91031.84,3.812,-0.9,4,16,1.7099,6.9769,3.4304
929,91151.84,3.806,-0.9,4,16,1.7399,7.0911,3.4246
930,91271.84,3.8,-0.9,4,16,1.7699,7.2052,3.4202
931,91391.84,3.794,-0.9,4,16,1.7999,7.3191,3.415
932,91511.84,3.789,-0.9,4,16,1.8299,7.4329,3.4096
933,91631.84,3.783,-0.9,4,16,1.8599,7.5464,3.4051
934,91751.84,3.778,-0.9,4,16,1.8899,7.6599,3.4002
935,91871.84,3.773,-0.9,4,16,1.9199,7.7731,3.3947
936,91991.84,3.768,-0.9,4,16,1.9499,7.8862,3.3904
937,92111.84,3.763,-0.9,4,16,1.9799,7.9991,3.3857
938,92231.84,3.758,-0.9,4,16,2.0099,8.1119,3.3817
939,92351.84,3.753,-0.9,4,16,2.0399,8.2246,3.3777
940,92471.84,3.749,-0.9,4,16,2.0699,8.3371,3.3737
941,92591.84,3.744,-0.9,4,16,2.0999,8.4495,3.3695
942,92711.84,3.74,-0.9,4,16,2.1299,8.5618,3.3653
943,92831.84,3.735,-0.9,4,16,2.1599,8.6739,3.3618
944,92951.84,3.731,-0.9,4,16,2.1899,8.7859,3.3578
945,93071.84,3.727,-0.9,4,16,2.2199,8.8977,3.3543
946,93191.84,3.723,-0.9,4,16,2.2499,9.0095,3.351
947,93311.84,3.719,-0.9,4,16,2.2799,9.1211,3.3479
948,93431.84,3.715,-0.9,4,16,2.3099,9.2326,3.3435
949,93551.84,3.712,-0.9,4,16,2.3399,9.344,3.3407
950,93671.84,3.708,-0.9,4,16,2.3699,9.4553,3.3366
951,93791.84,3.704,-0.9,4,16,2.3999,9.5665,3.3325
952,93911.84,3.7,-0.9,4,16,2.4299,9.6775,3.3301
953,94031.84,3.696,-0.9,4,16,2.4599,9.7885,3.327
954,94151.84,3.692,-0.9,4,16,2.4899,9.8993,3.3234
955,94271.84,3.688,-0.9,4,16,2.5199,10.01,3.3197
956,94391.84,3.684,-0.9,4,16,2.5499,10.1206,3.3151
957,94511.84,3.679,-0.9,4,16,2.5799,10.231,3.3105
958,94631.84,3.674,-0.9,4,16,2.6099,10.3413,3.3064
959,94751.84,3.668,-0.9,4,16,2.6399,10.4515,3.3011
960,94871.84,3.662,-0.9,4,16,2.6699,10.5614,3.2964
961,94991.84,3.656,-0.9,4,16,2.6999,10.6712,3.2901
962,95111.84,3.649,-0.9,4,16,2.7299,10.7808,3.2841
963,95231.84,3.643,-0.9,4,16,2.7599,10.8901,3.278
964,95351.84,3.636,-0.9,4,16,2.7898,10.9993,3.2713
965,95471.84,3.631,-0.9,4,16,2.8198,11.1083,3.2671
966,95591.84,3.625,-0.9,4,16,2.8498,11.2171,3.2623
967,95711.84,3.621,-0.9,4,16,2.8798,11.3258,3.2587
968,95831.84,3.616,-0.9,4,16,2.9098,11.4344,3.2532
969,95951.84,3.609,-0.9,4,16,2.9398,11.5428,3.2492
970,96071.84,3.601,-0.9,4,16,2.9698,11.6509,3.2402
971,96191.84,3.588,-0.9,4,16,2.9998,11.7588,3.2295
972,96311.84,3.568,-0.9,4,16,3.0298,11.8661,3.2109
973,96431.84,3.535,-0.9,4,16,3.0598,11.9727,3.1811
974,96551.84,3.488,-0.9,4,16,3.0898,12.0781,3.1379
975,96671.84,3.424,-0.9,4,16,3.1198,12.1818,3.0811
976,96791.84,3.337,-0.9,4,16,3.1498,12.2833,3.0033
977,96911.84,3.203,-0.9,4,16,3.1798,12.3815,2.8827
978,96999.61,3.0,-0.9,4,16,3.2018,12.45,2.6995
979,96999.62,3.033,0.0,4,17,0.0,0.0,0.0
980,97119.62,3.105,0.0,4,17,0.0,0.0,0.0
981,97239.62,3.117,0.0,4,17,0.0,0.0,0.0
982,97359.62,3.125,0.0,4,17,0.0,0.0,0.0
983,97479.62,3.131,0.0,4,17,0.0,0.0,0.0
984,97599.61,3.137,0.0,4,17,0.0,0.0,0.0
985,97599.66,3.137,0.0,5,14,0.0,0.0,0.0005
986,97600.17,3.209,1.5,5,14,0.0,0.0001,4.8138
987,97602.33,3.23,1.5,5,14,0.0009,0.003,4.8446
988,97605.47,3.25,1.5,5,14,0.0023,0.0073,4.8747
989,97609.11,3.27,1.5,5,14,0.0038,0.0122,4.9051
990,97613.29,3.291,1.5,5,14,0.0055,0.0179,4.9355
991,97618.04,3.311,1.5,5,14,0.0075,0.0245,4.966
992,97623.41,3.331,1.5,5,14,0.0097,0.0319,4.9962
993,97629.41,3.351,1.5,5,14,0.0122,0.0403,5.0272
994,97636.06,3.371,1.5,5,14,0.015,0.0496,5.0565
995,97643.46,3.392,1.5,5,14,0.0181,0.06,5.0876
996,97651.61,3.412,1.5,5,14,0.0215,0.0715,5.1174
997,97660.52,3.432,1.5,5,14,0.0252,0.0842,5.1472
998,97670.28,3.452,1.5,5,14,0.0293,0.0982,5.1777
999,97680.91,3.472,1.5,5,14,0.0337,0.1136,5.2073
1000,97692.58,3.492,1.5,5,14,0.0385,0.1305,5.2387
1001,97705.39,3.512,1.5,5,14,0.0439,0.1492,5.2683
1002,97719.26,3.532,1.5,5,14,0.0497,0.1696,5.2976
1003,97734.29,3.552,1.5,5,14,0.0559,0.1917,5.3279
1004,97750.54,3.572,1.5,5,14,0.0627,0.2159,5.3581
1005,97768.22,3.592,1.5,5,14,0.0701,0.2423,5.3888
1006,97787.47,3.612,1.5,5,14,0.0781,0.2712,5.4179
1007,97808.31,3.632,1.5,5,14,0.0868,0.3026,5.4486
1008,97831.13,3.653,1.5,5,14,0.0963,0.3372,5.4791
1009,97855.98,3.673,1.5,5,14,0.1066,0.3752,5.5086
1010,97882.97,3.693,1.5,5,14,0.1179,0.4166,5.5397
1011,97912.53,3.713,1.5,5,14,0.1302,0.4622,5.5692
1012,97944.97,3.733,1.5,5,14,0.1437,0.5125,5.5987
1013,97980.92,3.753,1.5,5,14,0.1587,0.5686,5.6287
1014,98022.9,3.773,1.5,5,14,0.1762,0.6344,5.6587
1015,98101.24,3.793,1.5,5,14,0.2088,0.7579,5.6898
1016,98221.24,3.802,1.5,5,14,0.2588,0.9478,5.7026
1017,98341.24,3.81,1.5,5,14,0.3088,1.1381,5.7146
1018,98461.24,3.819,1.5,5,14,0.3588,1.3288,5.7287
1019,98581.24,3.83,1.5,5,14,0.4088,1.52,5.7444
1020,98701.24,3.842,1.5,5,14,0.4588,1.7118,5.7613
1021,98821.24,3.854,1.5,5,14,0.5088,1.9042,5.7813
1022,98941.24,3.866,1.5,5,14,0.5588,2.0972,5.7977
1023,99061.25,3.877,1.5,5,14,0.6088,2.2908,5.8149
1024,99181.25,3.887,1.5,5,14,0.6588,2.4848,5.8298
1025,99301.25,3.895,1.5,5,14,0.7088,2.6794,5.8424
1026,99421.25,3.902,1.5,5,14,0.7588,2.8743,5.8539
1027,99541.25,3.908,1.5,5,14,0.8088,3.0696,5.8613
1028,99661.25,3.913,1.5,5,14,0.8588,3.2651,5.8689
1029,99781.25,3.917,1.5,5,14,0.9088,3.4608,5.8755
1030,99901.25,3.921,1.5,5,14,0.9588,3.6568,5.8816
1031,100021.25,3.926,1.5,5,14,1.0088,3.853,5.8887
1032,100141.25,3.93,1.5,5,14,1.0588,4.0494,5.8962
1033,100261.25,3.936,1.5,5,14,1.1088,4.246,5.9032
1034,100381.25,3.942,1.5,5,14,1.1588,4.4429,5.9129
1035,100501.25,3.949,1.5,5,14,1.2088,4.6402,5.9224
1036,100621.25,3.956,1.5,5,14,1.2588,4.8378,5.9336
1037,100741.25,3.964,1.5,5,14,1.3088,5.0358,5.9454
1038,100861.25,3.972,1.5,5,14,1.3588,5.2341,5.9584
1039,100981.25,3.981,1.5,5,14,1.4088,5.433,5.9712
1040,101101.25,3.991,1.5,5,14,1.4588,5.6323,5.9857
1041,101221.25,4.001,1.5,5,14,1.5088,5.832,6.0021
1042,101341.25,4.012,1.5,5,14,1.5588,6.0324,6.0177
1043,101461.25,4.023,1.5,5,14,1.6088,6.2332,6.0341
1044,101581.25,4.035,1.5,5,14,1.6588,6.4347,6.0522
1045,101701.25,4.047,1.5,5,14,1.7088,6.6367,6.0702
1046,101821.25,4.06,1.5,5,14,1.7587,6.8394,6.0899
1047,101941.25,4.073,1.5,5,14,1.8087,7.0427,6.1099
1048,102061.25,4.087,1.5,5,14,1.8587,7.2467,6.1296
1049,102181.25,4.101,1.5,5,14,1.9087,7.4514,6.1521
1050,102301.25,4.116,1.5,5,14,1.9587,7.6569,6.1739
1051,102421.25,4.132,1.5,5,14,2.0087,7.863,6.1974
1052,102541.25,4.147,1.5,5,14,2.0587,8.07,6.2207
1053,102661.25,4.164,1.5,5,14,2.1087,8.2778,6.2455
1054,102781.25,4.18,1.5,5,14,2.1587,8.4864,6.2703
1055,102901.25,4.197,1.5,5,14,2.2087,8.6958,6.2959
1056,103021.25,4.215,1.5,5,14,2.2587,8.9061,6.3228
1057,103141.25,4.233,1.5,5,14,2.3087,9.1173,6.3501
1058,103261.25,4.252,1.5,5,14,2.3587,9.3294,6.3771
1059,103381.25,4.271,1.5,5,14,2.4087,9.5425,6.4065
1060,103501.25,4.29,1.5,5,14,2.4587,9.7565,6.4352
1061,103621.25,4.31,1.5,5,14,2.5087,9.9715,6.4652
1062,103741.25,4.33,1.5,5,14,2.5587,10.1875,6.4937
1063,103860.73,4.35,1.5,5,14,2.6085,10.4035,6.5248
1064,103979.4,4.37,1.5,5,14,2.6579,10.6191,6.5541
1065,104097.79,4.39,1.5,5,14,2.7073,10.8351,6.5837
1066,104216.42,4.41,1.5,5,14,2.7567,11.0526,6.6144
1067,104336.42,4.429,1.5,5,14,2.8067,11.2735,6.644
1068,104456.42,4.449,1.5,5,14,2.8567,11.4955,6.6731
1069,104576.42,4.45,1.245,5,14,2.9022,11.6981,5.5419
1070,104696.42,4.45,1.064,5,14,2.9406,11.8688,4.7356
1071,104816.42,4.45,0.921,5,14,2.9736,12.0156,4.0999
1072,104936.42,4.45,0.803,5,14,3.0022,12.1432,3.575
1073,105056.42,4.45,0.705,5,14,3.0273,12.2549,3.1381
1074,105176.42,4.45,0.624,5,14,3.0495,12.3533,2.7762
1075,105296.42,4.45,0.555,5,14,3.0691,12.4405,2.4682
1076,105416.42,4.45,0.495,5,14,3.0865,12.5183,2.2027
1077,105536.42,4.45,0.443,5,14,3.1021,12.5878,1.9726
1078,105656.42,4.45,0.398,5,14,3.1162,12.6502,1.7733
1079,105776.43,4.45,0.36,5,14,3.1288,12.7064,1.6011
1080,105896.43,4.45,0.325,5,14,3.1402,12.7571,1.447
1081,106016.43,4.45,0.294,5,14,3.1505,12.8031,1.3102
1082,106136.43,4.45,0.268,5,14,3.1599,12.8448,1.1931
1083,106256.43,4.45,0.244,5,14,3.1684,12.8827,1.0857
1084,106376.43,4.45,0.223,5,14,3.1762,12.9173,0.9931
1085,106496.43,4.45,0.203,5,14,3.1833,12.9489,0.9048
1086,106616.43,4.45,0.186,5,14,3.1898,12.9777,0.8267
1087,106736.43,4.45,0.17,5,14,3.1957,13.0041,0.7564
1088,106856.43,4.45,0.156,5,14,3.2011,13.0282,0.694
1089,106900.87,4.45,0.15,5,14,3.203,13.0366,0.6671
1090,106900.88,4.444,0.0,5,15,0.0,0.0,0.0
1091,107020.88,4.438,0.0,5,15,0.0,0.0,0.0
1092,107140.88,4.437,0.0,5,15,0.0,0.0,0.0
1093,107260.88,4.436,0.0,5,15,0.0,0.0,0.0
1094,107380.88,4.435,0.0,5,15,0.0,0.0,0.0
1095,107500.87,4.435,0.0,5,15,0.0,0.0,0.0
1096,107500.92,4.396,-0.901,5,16,0.0,0.0001,3.9598
1097,107620.92,4.364,-0.9,5,16,0.03,0.1313,3.9274
1098,107740.92,4.352,-0.9,5,16,0.06,0.262,3.9174
1099,107860.92,4.342,-0.9,5,16,0.09,0.3924,3.9073
1100,107980.92,4.333,-0.9,5,16,0.12,0.5225,3.8992
1101,108100.92,4.324,-0.9,5,16,0.15,0.6523,3.8909
1102,108220.92,4.315,-0.9,5,16,0.18,0.7819,3.8831
1103,108340.92,4.305,-0.9,5,16,0.21,0.9112,3.8745
1104,108460.92,4.296,-0.9,5,16,0.24,1.0402,3.8671
1105,108580.92,4.287,-0.9,5,16,0.27,1.169,3.8581
1106,108700.92,4.277,-0.9,5,16,0.3,1.2974,3.8501
1107,108820.92,4.267,-0.9,5,16,0.33,1.4256,3.841
1108,108940.92,4.257,-0.9,5,16,0.36,1.5535,3.8314
1109,109060.92,4.247,-0.9,5,16,0.39,1.681,3.8226
1110,109180.92,4.236,-0.9,5,16,0.42,1.8083,3.8129
1111,109300.92,4.225,-0.9,5,16,0.45,1.9352,3.8021
1112,109420.92,4.215,-0.9,5,16,0.48,2.0618,3.793
1113,109540.92,4.203,-0.9,5,16,0.51,2.188,3.7829
1114,109660.92,4.192,-0.9,5,16,0.54,2.314,3.7725
1115,109780.92,4.181,-0.9,5,16,0.57,2.4396,3.7633
1116,109900.92,4.17,-0.9,5,16,0.6,2.5648,3.7533
1117,110020.92,4.158,-0.9,5,16,0.63,2.6897,3.7428
1118,110140.92,4.147,-0.9,5,16,0.66,2.8143,3.7315
1119,110260.92,4.136,-0.9,5,16,0.69,2.9385,3.7214
1120,110380.92,4.124,-0.9,5,16,0.72,3.0624,3.7113
1121,110500.92,4.113,-0.9,5,16,0.75,3.186,3.7014
1122,110620.92,4.102,-0.9,5,16,0.78,3.3092,3.6915
1123,110740.92,4.091,-0.9,5,16,0.81,3.4321,3.6809
1124,110860.92,4.08,-0.9,5,16,0.84,3.5546,3.6718
1125,110980.92,4.069,-0.9,5,16,0.87,3.6769,3.6622
1126,111100.92,4.057,-0.9,5,16,0.9,3.7987,3.6525
1127,111220.92,4.047,-0.9,5,16,0.93,3.9203,3.6424
1128,111340.92,4.035,-0.9,5,16,0.96,4.0415,3.6328
1129,111460.92,4.025,-0.9,5,16,0.99,4.1624,3.6214
1130,111580.92,4.014,-0.9,5,16,1.02,4.283,3.6128
1131,111700.92,4.003,-0.9,5,16,1.05,4.4032,3.6027
1132,111820.92,3.992,-0.9,5,16,1.08,4.5232,3.5933
1133,111940.92,3.982,-0.9,5,16,1.1099,4.6428,3.5834
1134,112060.92,3.971,-0.9,5,16,1.1399,4.762,3.5736
1135,112180.92,3.96,-0.9,5,16,1.1699,4.881,3.564
1136,112300.92,3.95,-0.9,5,16,1.1999,4.9997,3.5541
1137,112420.92,3.939,-0.9,5,16,1.2299,5.118,3.545
1138,112540.92,3.929,-0.9,5,16,1.2599,5.236,3.5365
1139,112660.92,3.919,-0.9,5,16,1.2899,5.3537,3.5265
1140,112780.92,3.909,-0.9,5,16,1.3199,5.4712,3.5183
1141,112900.92,3.9,-0.9,5,16,1.3499,5.5883,3.5097
1142,113020.92,3.891,-0.9,5,16,1.3799,5.7052,3.5016
1143,113140.92,3.883,-0.9,5,16,1.4099,5.8218,3.4946
1144,113260.92,3.874,-0.9,5,16,1.4399,5.9381,3.4864
1145,113380.92,3.866,-0.9,5,16,1.4699,6.0542,3.4795
1146,113500.92,3.859,-0.9,5,16,1.4999,6.1701,3.4724
1147,113620.92,3.851,-0.9,5,16,1.5299,6.2857,3.4659
1148,113740.92,3.844,-0.9,5,16,1.5599,6.4011,3.4592
1149,113860.92,3.837,-0.9,5,16,1.5899,6.5163,3.4532
1150,113980.92,3.83,-0.9,5,16,1.6199,6.6313,3.4472
1151,114100.92,3.824,-0.9,5,16,1.6499,6.7462,3.441
1152,114220.92,3.817,-0.9,5,16,1.6799,6.8608,3.4352
1153,114340.92,3.811,-0.9,5,16,1.7099,6.9752,3.43
1154,114460.92,3.805,-0.9,5,16,1.7399,7.0894,3.424
1155,114580.92,3.799,-0.9,5,16,1.7699,7.2035,3.4192
1156,114700.92,3.793,-0.9,5,16,1.7999,7.3174,3.4137
1157,114820.92,3.788,-0.9,5,16,1.8299,7.4311,3.4087
1158,114940.92,3.782,-0.9,5,16,1.8599,7.5446,3.4043
1159,115060.92,3.777,-0.9,5,16,1.8899,7.658,3.4001
1160,115180.92,3.772,-0.9,5,16,1.9199,7.7712,3.3944
1161,115300.92,3.767,-0.9,5,16,1.9499,7.8843,3.3901
1162,115420.92,3.762,-0.9,5,16,1.9799,7.9972,3.3854
1163,115540.92,3.757,-0.9,5,16,2.0099,8.11,3.3814
1164,115660.92,3.752,-0.9,5,16,2.0399,8.2227,3.3772
1165,115780.92,3.748,-0.9,5,16,2.0699,8.3352,3.3724
1166,115900.92,3.743,-0.9,5,16,2.0999,8.4475,3.3688
1167,116020.92,3.739,-0.9,5,16,2.1299,8.5598,3.3642
1168,116140.92,3.735,-0.9,5,16,2.1599,8.6719,3.3618
1169,116260.92,3.731,-0.9,5,16,2.1899,8.7838,3.3577
1170,116380.92,3.726,-0.9,5,16,2.2199,8.8957,3.3537
1171,116500.92,3.722,-0.9,5,16,2.2499,9.0074,3.3504
1172,116620.92,3.719,-0.9,5,16,2.2799,9.119,3.3464
1173,116740.92,3.715,-0.9,5,16,2.3099,9.2305,3.3431
1174,116860.92,3.711,-0.9,5,16,2.3399,9.3419,3.3399
1175,116980.92,3.707,-0.9,5,16,2.3699,9.4532,3.3364
1176,117100.92,3.704,-0.9,5,16,2.3999,9.5643,3.3337
1177,117220.92,3.7,-0.9,5,16,2.4299,9.6754,3.3293
1178,117340.92,3.696,-0.9,5,16,2.4599,9.7863,3.3266
1179,117460.92,3.692,-0.9,5,16,2.4899,9.8971,3.3224
1180,117580.92,3.688,-0.9,5,16,2.5199,10.0078,3.3194
1181,117700.92,3.683,-0.9,5,16,2.5499,10.1184,3.315
1182,117820.92,3.678,-0.9,5,16,2.5799,10.2288,3.3105
1183,117940.92,3.673,-0.9,5,16,2.6099,10.3391,3.3062
1184,118060.92,3.668,-0.9,5,16,2.6399,10.4492,3.3008
1185,118180.92,3.662,-0.9,5,16,2.6699,10.5591,3.2952
1186,118300.92,3.655,-0.9,5,16,2.6999,10.6689,3.2892
1187,118420.92,3.649,-0.9,5,16,2.7299,10.7784,3.2835
1188,118540.92,3.642,-0.9,5,16,2.7599,10.8878,3.2777
1189,118660.92,3.635,-0.9,5,16,2.7899,10.9969,3.2713
1190,118780.92,3.63,-0.9,5,16,2.8199,11.1059,3.2665
1191,118900.92,3.625,-0.9,5,16,2.8498,11.2147,3.262
1192,119020.92,3.62,-0.9,5,16,2.8798,11.3234,3.258
1193,119140.92,3.615,-0.9,5,16,2.9098,11.4319,3.2534
1194,119260.92,3.609,-0.9,5,16,2.9398,11.5403,3.2474
1195,119380.92,3.6,-0.9,5,16,2.9698,11.6484,3.2398
1196,119500.92,3.587,-0.9,5,16,2.9998,11.7562,3.2275
1197,119620.92,3.566,-0.9,5,16,3.0298,11.8635,3.2085
1198,119740.92,3.532,-0.9,5,16,3.0598,11.97,3.1791
1199,119860.92,3.484,-0.9,5,16,3.0898,12.0753,3.1354
1200,119980.92,3.419,-0.9,5,16,3.1198,12.1789,3.0777
1201,120100.92,3.33,-0.9,5,16,3.1498,12.2802,2.9969
1202,120220.92,3.191,-0.9,5,16,3.1798,12.3782,2.8713
1203,120300.81,3.0,-0.9,5,16,3.1998,12.4403,2.6999
1204,120300.82,3.033,0.0,5,17,0.0,0.0,0.0
1205,120420.82,3.105,0.0,5,17,0.0,0.0,0.0
1206,120540.82,3.118,0.0,5,17,0.0,0.0,0.0
1207,120660.82,3.126,0.0,5,17,0.0,0.0,0.0
1208,120780.82,3.132,0.0,5,17,0.0,0.0,0.0
1209,120900.81,3.137,0.0,5,17,0.0,0.0,0.0
1210,120900.82,3.137,0.0,5,19,0.0,0.0,0.0
1211,121020.82,3.142,0.0,5,19,0.0,0.0,0.0
1212,121140.82,3.145,0.0,5,19,0.0,0.0,0.0
1213,121260.82,3.149,0.0,5,19,0.0,0.0,0.0
1214,121380.82,3.152,0.0,5,19,0.0,0.0,0.0
1215,121500.81,3.155,0.0,5,19,0.0,0.0,0.0
1216,121500.81,3.155,0.0,5,20,0.0,0.0,0.0
