timestamp,soh,capacity,cycle_count,voltage,status
2026-06-01T09:38:33.635327,,,,,
2026-06-01T09:38:34.635705,,,,,
2026-06-01T09:38:35.636097,,,,,
2026-06-01T09:38:36.636538,,,,,
2026-06-01T09:38:37.636787,,,,,
2026-06-01T09:38:38.637055,,,,,
2026-06-01T09:38:39.637359,,,,,
2026-06-01T09:38:40.637729,,,,,
2026-06-01T09:38:41.637997,,,,,
2026-06-01T09:38:42.638282,,,,,
2026-06-01T09:38:43.638694,,,,,
2026-06-01T09:38:44.639104,,,,,
2026-06-01T09:38:45.639529,,,,,
2026-06-01T09:38:46.639981,,,,,
2026-06-01T09:38:47.640444,,,,,
2026-06-01T09:38:48.640807,,,,,
2026-06-01T09:38:49.641285,,,,,
