Test Time / s,Unix Time / s,Voltage / V,Current / A,Cycle Count / 1,Capacity / %,Power / W,Ambient Temperature / degC
0.0,1760000000,3.961,0.0276,0,98.5,0.1094,28.0622
30.0,1760000030,3.9167,0.1032,0,98.4531,0.404,28.0444
60.0,1760000060,3.9443,0.1654,0,98.5,0.6524,28.0019
90.0,1760000090,3.9352,0.0906,1,98.3661,0.3564,28.1516
120.0,1760000120,3.9414,0.0945,1,98.5,0.3725,28.0692
150.0,1760000150,3.9304,0.1608,1,98.4782,0.6321,28.5715
180.0,1760000180,3.931,0.2721,2,98.4585,1.0695,28.0589
210.0,1760000210,3.9237,0.3463,2,98.5,1.3587,28.598
240.0,1760000240,3.9368,0.29,2,98.3351,1.1415,28.881
270.0,1760000270,3.9278,0.3907,3,98.3983,1.5347,28.4202
300.0,1760000300,3.9299,0.322,3,98.4642,1.2655,28.1685
330.0,1760000330,3.9253,0.3846,3,98.5,1.5095,28.6384
360.0,1760000360,3.94,0.509,4,98.4721,2.0056,28.9545
390.0,1760000390,3.9269,0.4494,4,98.5,1.7647,28.7943
420.0,1760000420,3.9117,0.5174,4,98.3065,2.0241,28.4748
450.0,1760000450,3.9281,0.5409,5,98.3513,2.1247,28.9507
480.0,1760000480,3.9289,0.532,5,98.5,2.09,28.9659
510.0,1760000510,3.9161,0.5569,5,98.3887,2.1809,29.0971
540.0,1760000540,3.9436,0.5838,6,98.4278,2.3023,28.7798
570.0,1760000570,3.9253,0.6514,6,98.4847,2.5569,28.9118
600.0,1760000600,3.9294,0.6404,7,98.2429,2.5165,28.9377
630.0,1760000630,3.9269,0.7069,7,98.3159,2.7761,29.0549
660.0,1760000660,3.9173,0.6883,7,98.3967,2.6963,29.4309
690.0,1760000690,3.9381,0.794,8,98.2724,3.1269,29.0737
720.0,1760000720,3.9443,0.7193,8,98.3307,2.8372,29.2553
750.0,1760000750,3.924,0.7493,8,98.3752,2.9401,28.9819
780.0,1760000780,3.9278,0.6697,9,98.316,2.6306,29.245
810.0,1760000810,3.9169,0.807,9,98.3379,3.1608,29.1636
840.0,1760000840,3.928,0.7142,9,98.3525,2.8056,28.9021
870.0,1760000870,3.9112,0.8277,10,98.445,3.2372,29.3374
900.0,1760000900,3.9333,0.8649,10,98.4538,3.4017,29.4422
930.0,1760000930,3.9066,0.8977,10,98.2844,3.5069,29.4341
960.0,1760000960,3.9143,0.8638,11,98.2378,3.3813,28.9888
990.0,1760000990,3.9234,0.9201,11,98.3628,3.6098,29.3649
1020.0,1760001020,3.9209,0.9465,11,98.3197,3.711,29.2925
1050.0,1760001050,3.9167,0.868,12,98.2856,3.3996,29.7436
1080.0,1760001080,3.935,0.9086,12,98.1794,3.5754,29.5084
1110.0,1760001110,3.8992,0.9666,12,98.2896,3.769,29.8447
1140.0,1760001140,3.8961,0.9146,13,98.2933,3.5634,29.8771
1170.0,1760001170,3.9161,0.8819,13,98.0659,3.4535,29.4526
1200.0,1760001200,3.8862,0.8424,14,98.2749,3.2739,29.7648
1230.0,1760001230,3.9034,0.9108,14,98.1721,3.5551,29.6456
1260.0,1760001260,3.9038,0.8632,14,98.1025,3.37,29.7811
1290.0,1760001290,3.9021,0.8823,15,98.0196,3.4427,29.8452
1320.0,1760001320,3.9208,0.8425,15,98.1018,3.3034,29.7266
1350.0,1760001350,3.8959,0.7229,15,98.1073,2.8162,29.1673
1380.0,1760001380,3.9003,0.8293,16,98.065,3.2346,30.0744
1410.0,1760001410,3.8925,0.7302,16,97.9811,2.8424,29.8407
1440.0,1760001440,3.8934,0.8389,16,97.964,3.266,29.5712
1470.0,1760001470,3.8947,0.7393,17,98.098,2.8792,29.6761
1500.0,1760001500,3.9005,0.7705,17,98.0271,3.0055,29.3147
1530.0,1760001530,3.8907,0.7717,17,98.0276,3.0024,29.8623
1560.0,1760001560,3.8876,0.764,18,98.0364,2.9702,30.2201
1590.0,1760001590,3.8964,0.6286,18,98.0246,2.4494,29.9389
1620.0,1760001620,3.8856,0.7306,18,98.087,2.839,30.0681
1650.0,1760001650,3.8948,0.5873,19,97.9233,2.2873,29.9703
1680.0,1760001680,3.8976,0.6094,19,97.889,2.3753,29.8192
1710.0,1760001710,3.8842,0.6493,19,97.8137,2.5221,29.5541
1740.0,1760001740,3.8807,0.5711,20,97.8908,2.2163,29.7783
1770.0,1760001770,3.8903,0.4956,20,97.8725,1.928,29.5306
1800.0,1760001800,3.8828,0.49,21,97.7711,1.9027,29.7362
1830.0,1760001830,3.8589,0.6509,21,97.8097,2.5118,29.8571
1860.0,1760001860,3.8773,0.5022,21,97.7913,1.9472,29.8487
1890.0,1760001890,3.8935,0.4792,22,98.0664,1.8657,29.8545
1920.0,1760001920,3.8644,0.2932,22,97.713,1.1332,29.6104
1950.0,1760001950,3.8957,0.3439,22,97.8341,1.3398,29.6809
1980.0,1760001980,3.8632,0.3666,23,97.7477,1.4164,29.6095
2010.0,1760002010,3.8648,0.3903,23,97.6887,1.5083,29.7244
2040.0,1760002040,3.8842,0.2513,23,97.7097,0.976,29.9146
2070.0,1760002070,3.8654,0.1432,24,97.6868,0.5534,29.5287
2100.0,1760002100,3.8842,0.1476,24,97.637,0.5733,29.7673
2130.0,1760002130,3.871,0.1652,24,97.6011,0.6393,29.8002
2160.0,1760002160,3.8608,0.0511,25,97.5728,0.1973,29.3604
2190.0,1760002190,3.8573,0.0784,25,97.5539,0.3024,29.5341
2220.0,1760002220,3.8679,0.0039,25,97.5893,0.015,29.8098
2250.0,1760002250,3.8578,-0.0477,26,97.5401,-0.184,29.6746
2280.0,1760002280,3.8756,-0.0451,26,97.6094,-0.1746,29.6924
2310.0,1760002310,3.867,-0.0121,26,97.6257,-0.0468,29.4647
2340.0,1760002340,3.8527,-0.0969,27,97.4943,-0.3734,29.5578
2370.0,1760002370,3.8546,-0.2786,27,97.4586,-1.0739,29.6131
2400.0,1760002400,3.8614,-0.1484,28,97.5722,-0.5729,29.8644
2430.0,1760002430,3.8542,-0.3161,28,97.4453,-1.2182,29.5215
2460.0,1760002460,3.8616,-0.2111,28,97.4526,-0.8154,30.0634
2490.0,1760002490,3.868,-0.2961,29,97.3901,-1.1453,29.8484
2520.0,1760002520,3.8625,-0.3968,29,97.4171,-1.5326,30.0919
2550.0,1760002550,3.8473,-0.3735,29,97.4959,-1.4371,30.1417
2580.0,1760002580,3.8484,-0.4375,30,97.4503,-1.6838,30.5051
2610.0,1760002610,3.8638,-0.5404,30,97.2779,-2.088,30.3294
2640.0,1760002640,3.8638,-0.5421,30,97.2844,-2.0947,30.4428
2670.0,1760002670,3.8533,-0.594,31,97.3073,-2.2887,30.2264
2700.0,1760002700,3.8682,-0.4904,31,97.3036,-1.897,30.5681
2730.0,1760002730,3.8433,-0.5804,31,97.3722,-2.2307,30.1195
2760.0,1760002760,3.8469,-0.5992,32,97.1345,-2.3052,30.4339
2790.0,1760002790,3.8603,-0.5562,32,97.3971,-2.1473,30.627
2820.0,1760002820,3.8423,-0.6024,32,97.1915,-2.3147,30.492
2850.0,1760002850,3.8457,-0.6959,33,97.3564,-2.6762,30.5424
2880.0,1760002880,3.8595,-0.7743,33,97.1629,-2.9883,30.6074
2910.0,1760002910,3.8439,-0.7496,33,97.238,-2.8814,30.6372
2940.0,1760002940,3.8474,-0.692,34,97.3147,-2.6625,30.6589
2970.0,1760002970,3.8521,-0.7148,34,97.2398,-2.7537,30.5285
3000.0,1760003000,3.8485,-0.7899,35,97.3222,-3.04,30.7771
3030.0,1760003030,3.8535,-0.8573,35,97.4217,-3.3036,30.3193
3060.0,1760003060,3.8556,-0.8935,35,97.1718,-3.4448,30.5776
3090.0,1760003090,3.8678,-0.7542,36,97.1282,-2.9172,30.3227
3120.0,1760003120,3.8404,-0.8738,36,97.1058,-3.3559,30.616
3150.0,1760003150,3.8726,-0.831,36,97.0723,-3.2182,30.8602
3180.0,1760003180,3.8512,-0.8189,37,97.1645,-3.1536,30.7013
3210.0,1760003210,3.841,-0.857,37,97.0524,-3.2916,30.7468
3240.0,1760003240,3.8369,-0.8597,37,96.9624,-3.2986,30.9436
3270.0,1760003270,3.8625,-0.8591,38,97.1171,-3.3182,30.7776
3300.0,1760003300,3.8433,-0.8715,38,97.2923,-3.3493,30.4224
3330.0,1760003330,3.8494,-0.969,38,97.1796,-3.7299,30.451
3360.0,1760003360,3.8422,-0.8786,39,97.0503,-3.3758,30.411
3390.0,1760003390,3.8379,-0.911,39,97.0782,-3.4963,30.5801
3420.0,1760003420,3.8406,-0.9016,39,97.2084,-3.4629,31.2002
3450.0,1760003450,3.842,-0.911,40,97.1558,-3.5002,30.6005
3480.0,1760003480,3.8588,-1.0198,40,97.1019,-3.9352,31.0036
3510.0,1760003510,3.8477,-0.8764,40,97.2202,-3.3722,30.4521
3540.0,1760003540,3.8424,-0.839,41,97.1502,-3.2237,30.8403
3570.0,1760003570,3.8328,-0.7114,41,97.0908,-2.7266,30.3399
3600.0,1760003600,3.8528,-0.9754,42,97.1174,-3.7578,30.5589
3630.0,1760003630,3.8598,-0.7956,42,97.1384,-3.0708,30.5623
3660.0,1760003660,3.8317,-0.7596,42,97.2114,-2.9105,30.4723
3690.0,1760003690,3.8421,-0.8583,43,97.0183,-3.2977,30.1258
3720.0,1760003720,3.8495,-0.7649,43,97.0897,-2.9446,30.2656
3750.0,1760003750,3.868,-0.7845,43,97.0727,-3.0345,30.6734
3780.0,1760003780,3.8683,-0.7811,44,96.931,-3.0215,30.5739
3810.0,1760003810,3.8374,-0.6974,44,97.0328,-2.6763,30.7393
3840.0,1760003840,3.8605,-0.6853,44,96.9534,-2.6456,30.3046
3870.0,1760003870,3.8573,-0.7184,45,97.0852,-2.771,30.3067
3900.0,1760003900,3.8574,-0.6727,45,97.0555,-2.5948,30.5617
3930.0,1760003930,3.8525,-0.6236,45,97.0886,-2.4024,30.4595
3960.0,1760003960,3.8522,-0.5835,46,97.0805,-2.2479,30.4987
3990.0,1760003990,3.8513,-0.5576,46,96.9249,-2.1473,30.5676
4020.0,1760004020,3.8521,-0.4746,46,97.0463,-1.8281,30.2087
4050.0,1760004050,3.8675,-0.5403,47,97.0766,-2.0897,30.5865
4080.0,1760004080,3.864,-0.5277,47,97.1087,-2.039,30.6255
4110.0,1760004110,3.8651,-0.4674,47,97.0285,-1.8065,30.0371
4140.0,1760004140,3.8593,-0.4663,48,96.9716,-1.7998,30.1857
4170.0,1760004170,3.8658,-0.3302,48,97.0307,-1.2765,30.4245
4200.0,1760004200,3.8647,-0.3165,49,97.1102,-1.2233,30.599
4230.0,1760004230,3.8772,-0.2952,49,97.0138,-1.1445,29.9393
4260.0,1760004260,3.8541,-0.4048,49,96.8511,-1.5601,30.4162
4290.0,1760004290,3.8737,-0.2376,50,97.0166,-0.9205,30.1922
4320.0,1760004320,3.8657,-0.2698,50,96.9708,-1.0431,30.2272
4350.0,1760004350,3.869,-0.2439,50,96.9586,-0.9435,30.4131
4380.0,1760004380,3.8755,-0.1989,51,96.9136,-0.7707,30.1569
4410.0,1760004410,3.8541,-0.2033,51,96.9392,-0.7834,30.4276
4440.0,1760004440,3.8744,-0.1009,51,96.9328,-0.391,30.1745
4470.0,1760004470,3.8628,-0.0796,52,96.7986,-0.3077,29.9985
4500.0,1760004500,3.8847,0.0927,52,96.9652,0.3603,29.9299
4530.0,1760004530,3.8748,0.0258,52,96.8652,0.1001,30.1259
4560.0,1760004560,3.8747,-0.044,53,96.8652,-0.1707,29.8527
4590.0,1760004590,3.8809,0.0701,53,96.8311,0.272,29.9464
4620.0,1760004620,3.8787,0.1209,53,96.9623,0.4688,29.8828
4650.0,1760004650,3.8651,0.2206,54,96.9164,0.8528,30.0474
4680.0,1760004680,3.8689,0.2033,54,96.9376,0.7866,29.9752
4710.0,1760004710,3.87,0.3038,54,96.7804,1.1758,30.2449
4740.0,1760004740,3.8805,0.2396,55,96.6797,0.9299,30.0626
4770.0,1760004770,3.8875,0.3115,55,96.7507,1.2111,30.3612
4800.0,1760004800,3.8765,0.3775,56,96.8477,1.4634,30.0436
4830.0,1760004830,3.8787,0.2842,56,96.842,1.1022,30.0799
4860.0,1760004860,3.8985,0.3781,56,96.6561,1.4739,30.3992
4890.0,1760004890,3.8648,0.4713,57,96.8089,1.8215,29.983
4920.0,1760004920,3.8786,0.4236,57,96.5759,1.6431,30.1777
4950.0,1760004950,3.8899,0.4414,57,96.6641,1.7171,30.2345
4980.0,1760004980,3.9011,0.519,58,96.6628,2.0246,30.4765
5010.0,1760005010,3.8848,0.7012,58,96.7547,2.724,30.4049
5040.0,1760005040,3.8863,0.6573,58,96.4671,2.5543,30.5763
5070.0,1760005070,3.8925,0.6196,59,96.4801,2.4117,30.1576
5100.0,1760005100,3.8995,0.6647,59,96.3948,2.5918,29.747
5130.0,1760005130,3.8748,0.6881,59,96.479,2.6661,29.9911
5160.0,1760005160,3.9054,0.7212,60,96.377,2.8165,29.9617
5190.0,1760005190,3.9025,0.7228,60,96.5502,2.8208,30.3502
5220.0,1760005220,3.9093,0.7851,60,96.4056,3.069,30.4384
5250.0,1760005250,3.8999,0.7768,61,96.4235,3.0293,30.1377
5280.0,1760005280,3.9024,0.8967,61,96.6243,3.4991,30.194
5310.0,1760005310,3.9005,0.8229,62,96.4771,3.2098,30.1863
5340.0,1760005340,3.9136,0.8227,62,96.3744,3.2196,30.1907
5370.0,1760005370,3.9048,0.8099,62,96.4414,3.1625,30.1564
5400.0,1760005400,3.9106,0.8534,63,96.4286,3.3374,29.7743
5430.0,1760005430,3.9064,0.8656,63,96.4539,3.3813,30.2634
5460.0,1760005460,3.8972,0.9335,63,96.279,3.6381,30.0776
5490.0,1760005490,3.8921,0.919,64,96.3391,3.5767,30.4284
5520.0,1760005520,3.8912,0.8706,64,96.2974,3.3876,30.1052
5550.0,1760005550,3.912,0.8252,64,96.2704,3.2283,30.3753
5580.0,1760005580,3.9094,0.9138,65,96.2238,3.5723,30.3086
5610.0,1760005610,3.9202,0.9347,65,96.3053,3.6642,30.0076
5640.0,1760005640,3.9035,0.9735,65,96.2789,3.8001,30.0059
5670.0,1760005670,3.9067,0.8914,66,96.0734,3.4823,29.8876
5700.0,1760005700,3.9105,0.8584,66,96.1232,3.357,29.9867
5730.0,1760005730,3.9083,0.8955,66,96.1532,3.5001,29.9147
5760.0,1760005760,3.9232,0.9533,67,96.207,3.74,29.9511
5790.0,1760005790,3.9061,0.8607,67,96.1434,3.362,29.6755
5820.0,1760005820,3.9185,0.8813,67,96.1759,3.4532,30.1291
5850.0,1760005850,3.9056,0.8734,68,96.0727,3.4111,30.0529
5880.0,1760005880,3.9163,0.8221,68,96.0286,3.2195,29.7337
5910.0,1760005910,3.9151,0.8528,69,96.0687,3.3389,30.0705
5940.0,1760005940,3.9063,0.8529,69,96.1437,3.3316,29.8638
5970.0,1760005970,3.9076,0.8366,69,95.9666,3.2692,29.8913
6000.0,1760006000,3.9244,0.792,70,95.9714,3.1082,29.9979
6030.0,1760006030,3.9262,0.7617,70,95.9293,2.9906,29.8517
6060.0,1760006060,3.9232,0.7472,70,95.9625,2.9315,29.7841
6090.0,1760006090,3.9149,0.7162,71,96.0337,2.8038,30.1325
6120.0,1760006120,3.9188,0.7919,71,95.9408,3.1032,29.3631
6150.0,1760006150,3.9205,0.7482,71,95.9118,2.9335,29.6695
6180.0,1760006180,3.9122,0.6741,72,95.8812,2.6371,29.4847
6210.0,1760006210,3.9057,0.5413,72,95.8019,2.114,29.6926
6240.0,1760006240,3.9194,0.5306,72,95.8628,2.0795,29.2659
6270.0,1760006270,3.9577,0.5147,73,95.644,2.0369,29.4039
6300.0,1760006300,3.9003,0.5292,73,95.8784,2.0639,29.4219
6330.0,1760006330,3.9061,0.3891,73,95.8003,1.52,29.7126
6360.0,1760006360,3.9121,0.4569,74,95.8768,1.7874,29.4321
6390.0,1760006390,3.9226,0.5256,74,95.8263,2.0619,29.0051
6420.0,1760006420,3.9304,0.4298,74,95.8093,1.6891,28.9841
6450.0,1760006450,3.9351,0.4099,75,95.7359,1.6131,28.9382
6480.0,1760006480,3.9231,0.307,75,95.8671,1.2043,29.1249
6510.0,1760006510,3.9138,0.3203,76,95.8538,1.2536,29.5033
6540.0,1760006540,3.9244,0.275,76,95.6705,1.0794,29.1529
6570.0,1760006570,3.9138,0.1877,76,95.7739,0.7347,28.9429
6600.0,1760006600,3.927,0.1682,77,95.878,0.6606,28.7019
6630.0,1760006630,3.9057,0.0679,77,95.7622,0.2651,28.9136
6660.0,1760006660,3.9243,0.183,77,95.6641,0.7183,28.7014
6690.0,1760006690,3.9272,0.1057,78,95.5818,0.415,28.9619
6720.0,1760006720,3.9145,-0.0008,78,95.8344,-0.0033,28.569
6750.0,1760006750,3.9232,-0.0224,78,95.6111,-0.0879,28.3482
6780.0,1760006780,3.9036,-0.063,79,95.5508,-0.2459,28.8067
6810.0,1760006810,3.9248,-0.1494,79,95.7873,-0.5862,28.409
6840.0,1760006840,3.9053,-0.0924,79,95.7436,-0.361,28.4596
6870.0,1760006870,3.9129,-0.1633,80,95.6953,-0.6389,28.5949
6900.0,1760006900,3.9121,-0.2345,80,95.7164,-0.9176,28.999
6930.0,1760006930,3.9051,-0.2892,80,95.672,-1.1293,28.2981
6960.0,1760006960,3.9042,-0.2456,81,95.7143,-0.9587,28.7114
6990.0,1760006990,3.9262,-0.293,81,95.6752,-1.1502,28.6555
7020.0,1760007020,3.9106,-0.3062,81,95.6808,-1.1973,28.5109
7050.0,1760007050,3.9107,-0.3653,82,95.6617,-1.4284,28.8015
7080.0,1760007080,3.8994,-0.3505,82,95.6986,-1.3668,28.5573
7110.0,1760007110,3.9109,-0.47,83,95.5956,-1.8383,28.5599
7140.0,1760007140,3.9249,-0.4453,83,95.6593,-1.7476,28.6531
7170.0,1760007170,3.9078,-0.5354,83,95.5014,-2.0924,28.6828
7200.0,1760007200,3.9092,-0.5902,84,95.6017,-2.307,28.5144
7230.0,1760007230,3.9162,-0.5733,84,95.7279,-2.2453,28.6379
7260.0,1760007260,3.9085,-0.6275,84,95.6176,-2.4528,28.9487
7290.0,1760007290,3.9201,-0.668,85,95.5775,-2.6186,28.6128
7320.0,1760007320,3.8947,-0.7511,85,95.5881,-2.9252,28.6998
7350.0,1760007350,3.9186,-0.6597,85,95.6684,-2.585,28.8391
7380.0,1760007380,3.9104,-0.7092,86,95.5443,-2.7733,28.6003
7410.0,1760007410,3.8951,-0.785,86,95.7388,-3.0578,28.702
7440.0,1760007440,3.9154,-0.7928,86,95.6021,-3.1041,28.9843
7470.0,1760007470,3.8994,-0.7319,87,95.6233,-2.854,27.9817
7500.0,1760007500,3.8879,-0.7479,87,95.7594,-2.9078,28.4679
7530.0,1760007530,3.918,-0.734,87,95.7429,-2.8758,28.5138
7560.0,1760007560,3.8868,-0.8139,88,95.5336,-3.1635,28.8394
7590.0,1760007590,3.9023,-0.8261,88,95.5151,-3.2236,28.5779
7620.0,1760007620,3.8878,-0.9036,88,95.5359,-3.5131,28.9221
7650.0,1760007650,3.9012,-0.8878,89,95.5688,-3.4635,28.5766
7680.0,1760007680,3.883,-0.8985,89,95.6418,-3.4887,28.3052
7710.0,1760007710,3.8882,-0.8001,90,95.4782,-3.111,28.439
7740.0,1760007740,3.8717,-0.8694,90,95.5342,-3.366,28.6275
7770.0,1760007770,3.8945,-0.8629,90,95.4224,-3.3604,28.6836
7800.0,1760007800,3.8761,-0.988,91,95.63,-3.8296,28.1853
7830.0,1760007830,3.8962,-0.9036,91,95.6056,-3.5208,28.4496
7860.0,1760007860,3.8903,-0.9416,91,95.3128,-3.6631,28.5324
7890.0,1760007890,3.882,-0.8008,92,95.5041,-3.1088,28.5267
7920.0,1760007920,3.8623,-0.9937,92,95.4583,-3.8379,28.4678
7950.0,1760007950,3.8906,-0.9559,92,95.4802,-3.7192,28.4476
7980.0,1760007980,3.8775,-0.8802,93,95.4764,-3.413,28.2547
8010.0,1760008010,3.8674,-0.8346,93,95.4429,-3.2276,28.3871
8040.0,1760008040,3.8704,-0.8885,93,95.4713,-3.4387,28.4183
8070.0,1760008070,3.8712,-0.8274,94,95.4041,-3.203,28.2011
8100.0,1760008100,3.8585,-0.9089,94,95.5137,-3.5071,28.2179
8130.0,1760008130,3.8851,-0.7781,94,95.479,-3.023,28.3621
8160.0,1760008160,3.8675,-0.8276,95,95.1918,-3.2008,27.7372
8190.0,1760008190,3.8589,-0.8075,95,95.4497,-3.116,27.8918
8220.0,1760008220,3.8701,-0.8154,95,95.3624,-3.1558,28.0068
8250.0,1760008250,3.8639,-0.7326,96,95.2451,-2.8308,28.1202
8280.0,1760008280,3.852,-0.7502,96,95.2946,-2.8897,27.9349
8310.0,1760008310,3.8776,-0.6867,97,95.3399,-2.6628,27.9412
8340.0,1760008340,3.8713,-0.6553,97,95.3852,-2.5369,27.6935
8370.0,1760008370,3.8755,-0.6616,97,95.3772,-2.5638,28.0407
8400.0,1760008400,3.8541,-0.6816,98,95.2302,-2.6269,27.8057
8430.0,1760008430,3.8729,-0.6468,98,95.2301,-2.505,27.7595
8460.0,1760008460,3.8448,-0.696,98,95.3201,-2.6759,28.2656
8490.0,1760008490,3.8613,-0.5963,99,95.2187,-2.3024,28.0028
8520.0,1760008520,3.8694,-0.5536,99,95.1622,-2.1419,27.8053
8550.0,1760008550,3.8604,-0.45,99,95.0069,-1.7371,27.2069
8580.0,1760008580,3.858,-0.5182,100,95.2029,-1.9993,27.3505
8610.0,1760008610,3.8462,-0.4208,100,95.1645,-1.6187,27.4109
8640.0,1760008640,3.8524,-0.3828,100,95.0866,-1.4746,27.3899
8670.0,1760008670,3.8538,-0.3942,101,95.0972,-1.5191,27.5986
8700.0,1760008700,3.8619,-0.3657,101,94.952,-1.4121,27.3591
8730.0,1760008730,3.8547,-0.3225,101,95.0994,-1.2432,27.3807
8760.0,1760008760,3.87,-0.3,102,95.1512,-1.1612,26.9419
8790.0,1760008790,3.84,-0.2526,102,95.1077,-0.9698,27.0582
8820.0,1760008820,3.8231,-0.2694,102,94.9271,-1.0301,27.2986
8850.0,1760008850,3.8549,-0.1631,103,94.9211,-0.6287,27.2004
8880.0,1760008880,3.8505,-0.1594,103,94.9149,-0.6138,27.5192
8910.0,1760008910,3.8456,-0.0715,104,94.903,-0.2751,26.718
8940.0,1760008940,3.824,0.0163,104,94.9575,0.0624,27.0553
8970.0,1760008970,3.8379,-0.0093,104,94.9694,-0.0355,27.1969
9000.0,1760009000,3.8327,0.0318,105,94.8139,0.122,26.4591
9030.0,1760009030,3.8639,0.0712,105,94.8174,0.275,27.1231
9060.0,1760009060,3.8522,0.0994,105,94.7373,0.3831,26.8293
9090.0,1760009090,3.8423,0.1719,106,95.0086,0.6603,27.0051
9120.0,1760009120,3.824,0.114,106,94.7034,0.4358,26.83
9150.0,1760009150,3.8423,0.1187,106,94.8863,0.456,27.1671
9180.0,1760009180,3.8447,0.1422,107,94.7795,0.5466,26.9392
9210.0,1760009210,3.8435,0.3085,107,94.7678,1.1858,27.1014
9240.0,1760009240,3.8442,0.3146,107,94.7577,1.2093,26.9672
9270.0,1760009270,3.8304,0.4047,108,94.6361,1.5501,26.8541
9300.0,1760009300,3.8354,0.4033,108,94.7544,1.5466,27.3126
9330.0,1760009330,3.8399,0.3891,108,94.5343,1.494,27.1548
9360.0,1760009360,3.8459,0.4232,109,94.6121,1.6277,26.7892
9390.0,1760009390,3.8435,0.426,109,94.7177,1.6374,26.9508
9420.0,1760009420,3.8436,0.5093,109,94.6197,1.9574,27.0629
9450.0,1760009450,3.84,0.5729,110,94.4826,2.1999,26.8458
9480.0,1760009480,3.8456,0.6124,110,94.507,2.3552,27.1582
9510.0,1760009510,3.836,0.6336,111,94.4953,2.4306,27.0787
9540.0,1760009540,3.8421,0.6351,111,94.6708,2.4401,26.737
9570.0,1760009570,3.8268,0.4914,111,94.5109,1.8803,26.7879
9600.0,1760009600,3.8299,0.7033,112,94.498,2.6934,26.9408
9630.0,1760009630,3.8166,0.5956,112,94.5322,2.2733,26.8631
9660.0,1760009660,3.8158,0.7685,112,94.5548,2.9323,27.2526
9690.0,1760009690,3.8358,0.772,113,94.4427,2.9611,27.3019
9720.0,1760009720,3.8473,0.7293,113,94.4502,2.8058,26.6141
9750.0,1760009750,3.8179,0.7576,113,94.3362,2.8923,27.1643
9780.0,1760009780,3.8297,0.9384,114,94.4082,3.5938,27.3539
9810.0,1760009810,3.8532,0.8282,114,94.2397,3.1913,26.853
9840.0,1760009840,3.8307,0.89,114,94.4097,3.4095,27.223
9870.0,1760009870,3.8239,0.8135,115,94.4223,3.1108,26.9951
9900.0,1760009900,3.8283,0.9004,115,94.2699,3.4469,26.7643
9930.0,1760009930,3.8043,0.8311,115,94.2916,3.1618,27.2489
9960.0,1760009960,3.8412,0.9224,116,94.2722,3.5431,26.7448
9990.0,1760009990,3.8219,0.9169,116,94.1877,3.5041,26.9727
10020.0,1760010020,3.8337,0.9379,116,94.3773,3.5957,27.0231
10050.0,1760010050,3.8419,0.93,117,94.2263,3.5731,26.6297
10080.0,1760010080,3.8319,0.8669,117,94.1662,3.3218,27.0696
10110.0,1760010110,3.8367,0.8272,118,94.2303,3.1736,26.4706
10140.0,1760010140,3.8287,0.9076,118,94.3125,3.475,26.5821
10170.0,1760010170,3.8364,0.8479,118,94.1995,3.2529,27.0039
10200.0,1760010200,3.842,0.9274,119,94.2698,3.5632,27.0635
10230.0,1760010230,3.8241,0.8278,119,94.225,3.1656,26.8595
10260.0,1760010260,3.8435,0.8813,119,94.2166,3.3874,27.0551
10290.0,1760010290,3.8412,0.8183,120,94.226,3.1434,26.6721
10320.0,1760010320,3.8487,0.844,120,94.3089,3.2483,26.5607
10350.0,1760010350,3.8389,0.8963,120,94.3036,3.441,26.4473
10380.0,1760010380,3.8498,0.8245,121,94.2673,3.1743,26.629
10410.0,1760010410,3.8274,0.8484,121,94.2022,3.2473,26.7436
10440.0,1760010440,3.84,0.7696,121,94.1481,2.9551,26.6101
10470.0,1760010470,3.8482,0.7027,122,94.1102,2.7042,26.8684
10500.0,1760010500,3.8327,0.8062,122,94.3258,3.0899,26.5792
10530.0,1760010530,3.8273,0.7282,122,94.2482,2.7871,26.801
10560.0,1760010560,3.8341,0.6987,123,94.1486,2.6787,26.3005
10590.0,1760010590,3.8397,0.5757,123,94.195,2.2107,26.3298
10620.0,1760010620,3.8481,0.7342,124,94.1783,2.8253,26.8084
10650.0,1760010650,3.8409,0.6708,124,94.2718,2.5764,26.7976
10680.0,1760010680,3.8469,0.5868,124,94.2599,2.2575,26.5322
10710.0,1760010710,3.8516,0.6444,125,93.957,2.4818,26.5568
10740.0,1760010740,3.8498,0.5584,125,94.2169,2.1497,26.4674
10770.0,1760010770,3.8456,0.6242,125,94.1011,2.4004,26.3168
10800.0,1760010800,3.8617,0.5602,126,94.1218,2.1634,26.2139
10830.0,1760010830,3.8582,0.5211,126,94.0279,2.0106,26.6231
10860.0,1760010860,3.8457,0.518,126,94.0657,1.9921,26.2526
10890.0,1760010890,3.8583,0.4201,127,94.0716,1.6208,26.3016
10920.0,1760010920,3.8637,0.385,127,94.1475,1.4875,26.3182
10950.0,1760010950,3.8545,0.2379,127,94.0315,0.9168,25.7427
10980.0,1760010980,3.8596,0.2739,128,93.9537,1.057,26.0977
11010.0,1760011010,3.8606,0.2988,128,94.0731,1.1534,26.9072
11040.0,1760011040,3.8612,0.2615,128,94.0413,1.0095,26.2334
11070.0,1760011070,3.8737,0.2451,129,94.0307,0.9495,26.3179
11100.0,1760011100,3.8555,0.1666,129,94.0916,0.6424,25.943
11130.0,1760011130,3.8715,0.0889,129,93.9284,0.3442,25.8814
11160.0,1760011160,3.8702,0.1053,130,93.8973,0.4077,26.0895
11190.0,1760011190,3.8754,0.0551,130,94.0575,0.2135,25.871
11220.0,1760011220,3.861,0.0496,131,94.0743,0.1914,25.9599
11250.0,1760011250,3.886,0.0365,131,94.1084,0.1417,26.0571
11280.0,1760011280,3.8709,0.0433,131,94.0445,0.1677,25.8507
11310.0,1760011310,3.8995,-0.1546,132,94.1224,-0.6028,25.8871
11340.0,1760011340,3.8599,-0.1946,132,93.9614,-0.7513,25.9688
11370.0,1760011370,3.8737,-0.1408,132,94.1372,-0.5454,25.9385
11400.0,1760011400,3.8753,-0.2232,133,94.123,-0.8651,26.3901
11430.0,1760011430,3.8777,-0.2268,133,94.0055,-0.8797,26.3942
11460.0,1760011460,3.8869,-0.1814,133,93.9694,-0.7053,26.1745
11490.0,1760011490,3.8747,-0.3643,134,93.9036,-1.4115,26.224
11520.0,1760011520,3.897,-0.2775,134,93.9728,-1.0814,26.2281
11550.0,1760011550,3.8758,-0.3813,134,93.896,-1.4779,26.3138
11580.0,1760011580,3.8732,-0.476,135,93.9647,-1.8438,26.2019
11610.0,1760011610,3.8676,-0.3948,135,94.0223,-1.5268,26.1245
11640.0,1760011640,3.8783,-0.6247,135,93.9624,-2.4227,26.2923
11670.0,1760011670,3.8722,-0.5685,136,93.7788,-2.2014,26.2417
11700.0,1760011700,3.8858,-0.4446,136,93.7726,-1.7277,26.5199
11730.0,1760011730,3.8827,-0.5996,136,93.9762,-2.3281,26.6058
11760.0,1760011760,3.9014,-0.5745,137,93.9047,-2.2412,26.8178
11790.0,1760011790,3.8861,-0.5574,137,93.956,-2.1663,26.2918
11820.0,1760011820,3.8837,-0.6941,138,94.0165,-2.6955,26.7908
11850.0,1760011850,3.9002,-0.73,138,93.816,-2.8472,27.1976
11880.0,1760011880,3.9102,-0.7574,138,93.8087,-2.9618,26.5431
11910.0,1760011910,3.8981,-0.6522,139,93.7085,-2.5425,26.5073
11940.0,1760011940,3.8859,-0.7511,139,93.8426,-2.9186,26.2496
11970.0,1760011970,3.8951,-0.6599,139,93.6371,-2.5705,26.5172
12000.0,1760012000,3.8986,-0.8422,140,93.6931,-3.2833,26.7749
12030.0,1760012030,3.9071,-0.7724,140,93.6459,-3.018,26.6093
12060.0,1760012060,3.911,-0.8662,140,93.5548,-3.3877,26.646
12090.0,1760012090,3.8906,-0.8346,141,93.6167,-3.2471,26.4522
12120.0,1760012120,3.8772,-0.7873,141,93.7275,-3.0524,26.6816
12150.0,1760012150,3.9186,-0.919,141,93.7501,-3.6011,27.1882
12180.0,1760012180,3.8964,-0.9085,142,93.7137,-3.5401,26.9247
12210.0,1760012210,3.8981,-0.868,142,93.602,-3.3835,26.7478
12240.0,1760012240,3.9092,-0.8931,142,93.6624,-3.4914,26.5759
12270.0,1760012270,3.9087,-0.9395,143,93.5565,-3.6723,27.0097
12300.0,1760012300,3.9077,-0.8387,143,93.6208,-3.2775,26.8254
12330.0,1760012330,3.9016,-0.8784,143,93.4862,-3.4271,27.181
12360.0,1760012360,3.896,-0.9328,144,93.4404,-3.6341,27.14
12390.0,1760012390,3.8998,-0.8649,144,93.4715,-3.3729,27.0028
12420.0,1760012420,3.8967,-0.9207,145,93.5448,-3.5879,27.0405
12450.0,1760012450,3.8884,-0.8226,145,93.5962,-3.1986,26.8837
12480.0,1760012480,3.91,-0.9049,145,93.4971,-3.5382,26.4707
12510.0,1760012510,3.9067,-0.9514,146,93.2209,-3.7169,26.9599
12540.0,1760012540,3.9146,-0.8427,146,93.4191,-3.2987,26.8328
12570.0,1760012570,3.8967,-0.8621,146,93.3311,-3.3595,26.9288
12600.0,1760012600,3.9086,-0.8357,147,93.3075,-3.2665,26.848
12630.0,1760012630,3.9241,-0.9334,147,93.3308,-3.6627,26.9064
12660.0,1760012660,3.9141,-0.8728,147,93.2946,-3.4163,27.0528
12690.0,1760012690,3.9232,-0.7457,148,93.343,-2.9254,27.5137
12720.0,1760012720,3.903,-0.7533,148,93.3202,-2.9402,26.9971
12750.0,1760012750,3.9211,-0.8471,148,93.2215,-3.3218,27.0752
12780.0,1760012780,3.908,-0.7394,149,93.1777,-2.8897,27.1407
12810.0,1760012810,3.9094,-0.761,149,93.3391,-2.9752,27.2958
12840.0,1760012840,3.9019,-0.6847,149,93.194,-2.6717,27.0866
12870.0,1760012870,3.9094,-0.7144,150,93.057,-2.7931,27.1166
12900.0,1760012900,3.9027,-0.6448,150,93.1945,-2.5164,27.0419
12930.0,1760012930,3.8942,-0.6352,150,93.2842,-2.4737,27.0644
12960.0,1760012960,3.902,-0.7084,151,93.1959,-2.7642,27.0223
12990.0,1760012990,3.9043,-0.524,151,93.2391,-2.0458,26.5881
13020.0,1760013020,3.9069,-0.4684,152,93.0239,-1.8302,27.0903
13050.0,1760013050,3.8965,-0.54,152,93.0519,-2.104,27.1181
13080.0,1760013080,3.8757,-0.4686,152,93.2253,-1.8162,26.7955
13110.0,1760013110,3.8918,-0.4749,153,92.9802,-1.848,27.1923
13140.0,1760013140,3.9032,-0.4265,153,92.8534,-1.6648,27.05
13170.0,1760013170,3.8986,-0.4232,153,93.0952,-1.6498,26.7
13200.0,1760013200,3.9108,-0.4181,154,92.9088,-1.6352,27.1973
13230.0,1760013230,3.9177,-0.2926,154,93.0991,-1.1464,27.1117
13260.0,1760013260,3.8909,-0.2502,154,93.0396,-0.9734,26.9598
13290.0,1760013290,3.8829,-0.2694,155,92.8169,-1.0459,26.7973
13320.0,1760013320,3.904,-0.2164,155,92.7624,-0.8449,26.7983
13350.0,1760013350,3.9001,-0.1022,155,92.9132,-0.3985,26.6323
13380.0,1760013380,3.8974,-0.1303,156,92.7913,-0.5079,26.836
13410.0,1760013410,3.887,-0.0297,156,92.8851,-0.1156,26.7373
13440.0,1760013440,3.9026,0.0083,156,92.948,0.0326,26.9641
13470.0,1760013470,3.8914,0.0079,157,92.7747,0.0307,26.5985
13500.0,1760013500,3.8926,-0.0204,157,92.8772,-0.0795,26.7501
13530.0,1760013530,3.8918,0.0769,157,92.8741,0.2994,26.9272
13560.0,1760013560,3.9067,0.103,158,92.7285,0.4023,27.0636
13590.0,1760013590,3.883,0.1577,158,92.7948,0.6124,27.2983
13620.0,1760013620,3.8983,0.1398,159,92.7377,0.5449,26.6673
13650.0,1760013650,3.8939,0.245,159,92.78,0.954,27.1335
13680.0,1760013680,3.8831,0.2806,159,92.799,1.0895,27.4173
13710.0,1760013710,3.8921,0.3359,160,92.7068,1.3072,27.1153
13740.0,1760013740,3.8755,0.4152,160,92.7769,1.6092,27.203
13770.0,1760013770,3.8814,0.2898,160,92.7198,1.125,26.8906
13800.0,1760013800,3.8794,0.4079,161,92.758,1.5826,27.5272
13830.0,1760013830,3.8989,0.3947,161,92.7007,1.5389,27.4436
13860.0,1760013860,3.903,0.4264,161,92.6567,1.6644,27.1002
13890.0,1760013890,3.873,0.4593,162,92.5219,1.7788,27.3968
13920.0,1760013920,3.8811,0.5196,162,92.5564,2.0166,27.607
13950.0,1760013950,3.8579,0.4287,162,92.4934,1.6538,27.5558
13980.0,1760013980,3.8946,0.5962,163,92.8777,2.322,27.3885
14010.0,1760014010,3.8874,0.6443,163,92.683,2.5048,27.4821
14040.0,1760014040,3.896,0.5524,163,92.5775,2.1521,27.8558
14070.0,1760014070,3.8655,0.6734,164,92.5799,2.603,27.7942
14100.0,1760014100,3.8797,0.6894,164,92.6874,2.6745,27.5773
14130.0,1760014130,3.8894,0.7249,164,92.6021,2.8194,27.4907
14160.0,1760014160,3.8796,0.7584,165,92.6082,2.9424,27.7216
14190.0,1760014190,3.8666,0.7193,165,92.7116,2.7812,27.8858
14220.0,1760014220,3.8663,0.7128,166,92.5652,2.7561,27.7429
14250.0,1760014250,3.8789,0.7996,166,92.5832,3.1016,28.2679
14280.0,1760014280,3.8677,0.789,166,92.575,3.0517,28.2054
14310.0,1760014310,3.8667,0.8368,167,92.6943,3.2355,28.2391
14340.0,1760014340,3.8518,0.902,167,92.6786,3.4744,28.2301
14370.0,1760014370,3.8724,0.8702,167,92.5805,3.3697,28.0715
14400.0,1760014400,3.8638,0.8455,168,92.6522,3.2668,28.1062
14430.0,1760014430,3.8656,0.8298,168,92.522,3.2075,28.3203
14460.0,1760014460,3.8682,0.9221,168,92.5876,3.5667,28.2682
14490.0,1760014490,3.8551,0.8608,169,92.5861,3.3184,27.9963
14520.0,1760014520,3.8534,0.8497,169,92.6056,3.2741,28.1753
14550.0,1760014550,3.8566,0.8838,169,92.3125,3.4084,28.4362
14580.0,1760014580,3.8519,0.8432,170,92.5391,3.2481,28.3842
14610.0,1760014610,3.8417,0.8758,170,92.4656,3.3646,28.4048
14640.0,1760014640,3.8482,0.8883,170,92.5399,3.4183,28.2322
14670.0,1760014670,3.8395,0.9408,171,92.5349,3.6123,28.8071
14700.0,1760014700,3.8538,0.8902,171,92.6179,3.4305,28.0715
14730.0,1760014730,3.8612,0.8845,171,92.5648,3.4151,28.208
14760.0,1760014760,3.8559,0.7997,172,92.5583,3.0834,28.3949
14790.0,1760014790,3.8626,0.9166,172,92.5248,3.5405,28.2602
14820.0,1760014820,3.8434,0.8143,173,92.6314,3.1297,28.3328
14850.0,1760014850,3.8531,0.9119,173,92.4354,3.5136,28.6831
14880.0,1760014880,3.8263,0.7644,173,92.5046,2.925,28.2335
14910.0,1760014910,3.8258,0.8235,174,92.3895,3.1507,28.8589
14940.0,1760014940,3.8513,0.7798,174,92.5918,3.0033,28.6187
14970.0,1760014970,3.8644,0.7675,174,92.3764,2.9659,28.4925
15000.0,1760015000,3.8581,0.7425,175,92.5474,2.8645,28.6081
15030.0,1760015030,3.8417,0.7088,175,92.2434,2.7229,28.6743
15060.0,1760015060,3.8433,0.8081,175,92.507,3.1058,28.9154
15090.0,1760015090,3.8232,0.721,176,92.2909,2.7565,28.417
15120.0,1760015120,3.8401,0.6765,176,92.4265,2.5978,28.472
15150.0,1760015150,3.8353,0.5863,176,92.4545,2.2485,28.7629
15180.0,1760015180,3.8244,0.6462,177,92.3743,2.4713,28.7625
15210.0,1760015210,3.8525,0.5946,177,92.2907,2.2907,28.4971
15240.0,1760015240,3.8369,0.5754,177,92.1999,2.2077,28.4888
15270.0,1760015270,3.8302,0.5782,178,92.2863,2.2146,28.6626
15300.0,1760015300,3.838,0.4569,178,92.2701,1.7535,28.6935
15330.0,1760015330,3.8268,0.4609,178,92.4038,1.7637,28.8129
15360.0,1760015360,3.8459,0.3699,179,92.2634,1.4228,28.7009
15390.0,1760015390,3.8367,0.3646,179,92.2657,1.3987,28.7981
15420.0,1760015420,3.8352,0.3679,180,92.2088,1.4108,28.3282
15450.0,1760015450,3.8343,0.434,180,92.2036,1.6639,28.7342
15480.0,1760015480,3.8239,0.281,180,92.2635,1.0745,28.7075
15510.0,1760015510,3.8219,0.2819,181,92.3171,1.0774,28.5443
15540.0,1760015540,3.8308,0.1777,181,92.1808,0.6808,28.7529
15570.0,1760015570,3.8288,0.1762,181,92.1075,0.6746,28.6936
15600.0,1760015600,3.8244,0.2472,182,92.0836,0.9455,28.7171
15630.0,1760015630,3.8166,0.1923,182,92.0874,0.7339,28.532
15660.0,1760015660,3.8267,0.1132,182,92.2075,0.4332,28.3188
15690.0,1760015690,3.8163,0.0114,183,92.2169,0.0436,28.7082
15720.0,1760015720,3.8231,0.1387,183,91.9676,0.5301,28.7432
15750.0,1760015750,3.8209,-0.0848,183,92.0459,-0.3239,28.6203
15780.0,1760015780,3.8141,-0.0695,184,91.9626,-0.2652,28.2891
15810.0,1760015810,3.8277,-0.0929,184,92.0078,-0.3556,28.6135
15840.0,1760015840,3.8141,-0.1329,184,92.0145,-0.5068,28.6545
15870.0,1760015870,3.8271,-0.2145,185,92.1116,-0.821,28.7765
15900.0,1760015900,3.8334,-0.1651,185,92.0757,-0.6331,29.1223
15930.0,1760015930,3.8117,-0.3357,186,91.9125,-1.2795,29.1361
15960.0,1760015960,3.8128,-0.2388,186,91.959,-0.9104,28.6818
15990.0,1760015990,3.8173,-0.2363,186,91.815,-0.9021,28.8999
16020.0,1760016020,3.8287,-0.3696,187,91.9793,-1.415,28.985
16050.0,1760016050,3.8262,-0.3439,187,91.9127,-1.3158,29.2159
16080.0,1760016080,3.8153,-0.4502,187,91.878,-1.7175,29.8925
16110.0,1760016110,3.8164,-0.4239,188,91.8614,-1.6179,29.2439
16140.0,1760016140,3.8275,-0.5543,188,91.8505,-2.1217,29.6015
16170.0,1760016170,3.8309,-0.5185,188,91.8005,-1.9861,29.6556
16200.0,1760016200,3.8208,-0.4753,189,91.8238,-1.8161,29.641
16230.0,1760016230,3.828,-0.5908,189,91.8459,-2.2617,29.546
16260.0,1760016260,3.8028,-0.5476,189,91.7811,-2.0823,29.5869
16290.0,1760016290,3.8267,-0.5631,190,91.7129,-2.1549,29.4982
16320.0,1760016320,3.8183,-0.6806,190,91.6814,-2.5988,29.2611
16350.0,1760016350,3.8423,-0.6601,190,91.7398,-2.5362,29.7234
16380.0,1760016380,3.8177,-0.7176,191,91.6234,-2.7394,29.7126
16410.0,1760016410,3.8133,-0.6865,191,91.6356,-2.6179,29.8758
16440.0,1760016440,3.8111,-0.6505,191,91.6584,-2.4791,29.5497
16470.0,1760016470,3.828,-0.7212,192,91.6438,-2.7606,29.7206
16500.0,1760016500,3.8189,-0.8047,192,91.7729,-3.0732,29.8199
16530.0,1760016530,3.8216,-0.7706,193,91.5046,-2.9448,30.017
16560.0,1760016560,3.8139,-0.7746,193,91.4015,-2.9541,29.635
16590.0,1760016590,3.8129,-0.8056,193,91.5131,-3.0716,29.8823
16620.0,1760016620,3.8132,-0.9638,194,91.5681,-3.6752,30.1368
16650.0,1760016650,3.8314,-0.9094,194,91.5916,-3.4843,29.9016
16680.0,1760016680,3.8176,-0.823,194,91.5402,-3.1418,30.1649
16710.0,1760016710,3.847,-0.9444,195,91.3878,-3.6333,30.0437
16740.0,1760016740,3.8339,-0.8125,195,91.5003,-3.1151,30.0703
16770.0,1760016770,3.8136,-0.8334,195,91.389,-3.1783,30.2401
16800.0,1760016800,3.8469,-0.9845,196,91.4493,-3.7874,30.1537
16830.0,1760016830,3.8361,-0.9269,196,91.4103,-3.5558,30.1957
16860.0,1760016860,3.8333,-0.9038,196,91.2136,-3.4646,30.4006
16890.0,1760016890,3.8366,-0.9247,197,91.2484,-3.5476,30.1716
16920.0,1760016920,3.8279,-0.8918,197,91.3117,-3.4137,30.276
16950.0,1760016950,3.8238,-0.8567,197,91.3361,-3.2759,30.0523
16980.0,1760016980,3.8194,-0.9065,198,91.2544,-3.4624,30.4269
17010.0,1760017010,3.826,-0.8737,198,91.267,-3.3429,30.0423
17040.0,1760017040,3.8333,-0.9225,198,91.2988,-3.536,30.1217
17070.0,1760017070,3.8346,-0.9635,199,91.2804,-3.6946,30.4503
17100.0,1760017100,3.8335,-0.8475,199,91.3472,-3.2488,30.047
17130.0,1760017130,3.8343,-0.7907,200,91.1837,-3.0317,30.1132
17160.0,1760017160,3.8401,-0.7975,200,91.1903,-3.0627,30.2211
17190.0,1760017190,3.8487,-0.894,200,91.1673,-3.4408,30.2115
17220.0,1760017220,3.8449,-0.7837,201,91.2267,-3.0133,30.1003
17250.0,1760017250,3.8281,-0.7312,201,91.1079,-2.7993,29.9219
17280.0,1760017280,3.823,-0.744,201,91.0358,-2.8444,30.2679
17310.0,1760017310,3.8308,-0.6535,202,91.1354,-2.5034,30.2581
17340.0,1760017340,3.8387,-0.8063,202,91.0718,-3.0951,30.5054
17370.0,1760017370,3.8272,-0.6898,202,91.1844,-2.64,30.258
17400.0,1760017400,3.8487,-0.6387,203,91.216,-2.4581,29.7353
17430.0,1760017430,3.8413,-0.678,203,90.9853,-2.6043,30.0924
17460.0,1760017460,3.8468,-0.5295,203,91.1498,-2.0368,30.0302
17490.0,1760017490,3.837,-0.5992,204,91.1346,-2.299,30.1318
17520.0,1760017520,3.8286,-0.5251,204,91.225,-2.0105,30.0552
17550.0,1760017550,3.8652,-0.545,204,91.1735,-2.1063,30.2795
17580.0,1760017580,3.835,-0.4632,205,90.9584,-1.7762,29.9798
17610.0,1760017610,3.8392,-0.4829,205,91.1817,-1.8541,30.2316
17640.0,1760017640,3.8653,-0.4453,205,91.205,-1.7211,30.2025
17670.0,1760017670,3.8315,-0.2927,206,91.0232,-1.1216,30.1388
17700.0,1760017700,3.8539,-0.3748,206,91.2213,-1.4443,29.8876
17730.0,1760017730,3.8747,-0.2899,207,90.9818,-1.1233,30.1014
17760.0,1760017760,3.8507,-0.2453,207,91.0576,-0.9446,30.2286
17790.0,1760017790,3.8471,-0.1716,207,90.9793,-0.6603,29.8602
17820.0,1760017820,3.862,-0.1778,208,91.188,-0.6868,30.0705
17850.0,1760017850,3.8607,-0.1173,208,91.1328,-0.453,29.6861
17880.0,1760017880,3.8541,-0.0559,208,91.1126,-0.2153,29.7633
17910.0,1760017910,3.8614,-0.1002,209,91.0271,-0.3868,30.3624
17940.0,1760017940,3.8835,-0.0238,209,91.0262,-0.0926,30.1432
17970.0,1760017970,3.8677,-0.0468,209,91.0912,-0.181,30.116
18000.0,1760018000,3.865,0.0556,210,91.0172,0.2149,30.1111
18030.0,1760018030,3.8581,0.084,210,91.0474,0.3242,30.0244
18060.0,1760018060,3.8635,0.1338,210,91.0681,0.5169,29.9044
18090.0,1760018090,3.8829,0.1154,211,90.9867,0.4479,29.8662
18120.0,1760018120,3.8703,0.15,211,91.0329,0.5805,29.6445
18150.0,1760018150,3.8625,0.1791,211,90.9891,0.6917,30.0552
18180.0,1760018180,3.8543,0.2298,212,90.8871,0.8856,30.2225
18210.0,1760018210,3.8701,0.2289,212,91.1388,0.8859,29.9319
18240.0,1760018240,3.8747,0.3711,212,90.9702,1.438,30.3217
18270.0,1760018270,3.8755,0.2765,213,90.9604,1.0714,30.1838
18300.0,1760018300,3.8872,0.3298,213,90.9273,1.2819,29.8671
18330.0,1760018330,3.9054,0.4543,214,90.8869,1.7743,30.4447
18360.0,1760018360,3.8767,0.462,214,90.8939,1.791,30.2731
18390.0,1760018390,3.8786,0.5248,214,91.0512,2.0355,30.4276
18420.0,1760018420,3.8631,0.5081,215,90.9948,1.963,30.5803
18450.0,1760018450,3.8638,0.5243,215,90.9392,2.0258,30.8298
18480.0,1760018480,3.8729,0.5541,215,91.0129,2.1461,30.9959
18510.0,1760018510,3.8809,0.6052,216,90.9209,2.3487,30.557
18540.0,1760018540,3.9006,0.683,216,90.896,2.6642,30.6545
18570.0,1760018570,3.9062,0.6832,216,90.9306,2.6687,30.551
18600.0,1760018600,3.8852,0.6482,217,90.9407,2.5184,30.8379
18630.0,1760018630,3.8951,0.6415,217,90.8166,2.4986,30.4808
18660.0,1760018660,3.8884,0.6691,217,90.8053,2.6018,30.2501
18690.0,1760018690,3.8912,0.7966,218,90.9093,3.0996,30.4447
18720.0,1760018720,3.8949,0.7537,218,90.9847,2.9357,30.688
18750.0,1760018750,3.8854,0.7567,218,90.8422,2.94,30.674
18780.0,1760018780,3.8976,0.8175,219,90.7238,3.1862,30.8367
18810.0,1760018810,3.8967,0.7728,219,90.869,3.0115,30.5855
18840.0,1760018840,3.8872,0.8799,219,90.7868,3.4204,30.3293
18870.0,1760018870,3.8936,0.8791,220,90.772,3.4229,30.609
18900.0,1760018900,3.8981,0.9022,220,90.6206,3.5168,30.8792
18930.0,1760018930,3.899,0.9169,221,90.91,3.5748,30.7914
18960.0,1760018960,3.9018,0.8794,221,90.7775,3.4312,30.461
18990.0,1760018990,3.892,0.8407,221,90.6236,3.2721,30.7319
19020.0,1760019020,3.8879,0.849,222,90.5385,3.3008,30.4527
19050.0,1760019050,3.8967,0.9202,222,90.8004,3.5858,30.7454
19080.0,1760019080,3.8929,0.8758,222,90.6147,3.4095,30.6645
19110.0,1760019110,3.8949,0.9129,223,90.5673,3.5555,30.9317
19140.0,1760019140,3.9019,0.8958,223,90.5232,3.4953,30.8624
19170.0,1760019170,3.9117,0.8739,223,90.5563,3.4183,30.4614
19200.0,1760019200,3.9021,0.8663,224,90.6283,3.3803,30.7228
19230.0,1760019230,3.9089,0.9408,224,90.6383,3.6776,31.1745
19260.0,1760019260,3.8934,0.8884,224,90.6175,3.4588,30.792
19290.0,1760019290,3.8924,0.9106,225,90.5922,3.5445,30.4529
19320.0,1760019320,3.9034,0.8435,225,90.5099,3.2927,30.8388
19350.0,1760019350,3.8935,0.9168,225,90.5436,3.5696,30.697
19380.0,1760019380,3.8831,0.7893,226,90.4686,3.0649,30.4145
19410.0,1760019410,3.8696,0.779,226,90.6138,3.0146,30.501
19440.0,1760019440,3.8979,0.7504,226,90.4205,2.9251,30.5604
19470.0,1760019470,3.8846,0.7642,227,90.4895,2.9685,30.7725
19500.0,1760019500,3.9019,0.7097,227,90.316,2.7693,30.8266
19530.0,1760019530,3.8742,0.7677,228,90.4743,2.9742,30.5796
19560.0,1760019560,3.8811,0.779,228,90.3945,3.0232,30.1875
19590.0,1760019590,3.9,0.7254,228,90.3941,2.8292,30.5567
19620.0,1760019620,3.8961,0.6475,229,90.3915,2.5226,30.5506
19650.0,1760019650,3.8906,0.688,229,90.3453,2.6766,30.0811
19680.0,1760019680,3.885,0.691,229,90.3375,2.6847,30.6169
19710.0,1760019710,3.8818,0.6536,230,90.326,2.5372,30.8781
19740.0,1760019740,3.9101,0.6312,230,90.2032,2.4681,30.5514
19770.0,1760019770,3.8886,0.4681,230,90.2718,1.8202,30.353
19800.0,1760019800,3.888,0.4967,231,90.2284,1.9311,30.0806
19830.0,1760019830,3.8846,0.4608,231,90.1001,1.7899,29.9763
19860.0,1760019860,3.8878,0.4532,231,90.3084,1.7621,29.9935
19890.0,1760019890,3.878,0.4289,232,90.158,1.6635,30.3315
19920.0,1760019920,3.8923,0.3762,232,90.1588,1.4641,29.8458
19950.0,1760019950,3.8717,0.3801,232,90.0899,1.4717,29.8582
19980.0,1760019980,3.8807,0.3231,233,90.1069,1.2539,29.9649
20010.0,1760020010,3.8911,0.3491,233,90.106,1.3584,29.8968
20040.0,1760020040,3.8686,0.2637,233,90.0773,1.0201,30.3847
20070.0,1760020070,3.8738,0.1874,234,90.0963,0.7261,29.6839
20100.0,1760020100,3.8838,0.2011,234,89.8616,0.7811,30.1579
20130.0,1760020130,3.9028,0.0747,235,90.1481,0.2915,29.5388
20160.0,1760020160,3.8725,0.1165,235,90.0594,0.451,29.5931
20190.0,1760020190,3.875,0.0657,235,89.9574,0.2547,30.0271
20220.0,1760020220,3.8668,0.0902,236,89.9156,0.3488,29.5981
20250.0,1760020250,3.8834,-0.0598,236,89.8546,-0.2323,29.7202
20280.0,1760020280,3.8568,-0.0392,236,89.775,-0.1512,29.5512
20310.0,1760020310,3.8775,-0.0299,237,89.9303,-0.1157,29.4428
20340.0,1760020340,3.8643,-0.158,237,89.9859,-0.6106,29.5289
20370.0,1760020370,3.8507,-0.2417,237,89.7942,-0.9305,29.6804
20400.0,1760020400,3.8721,-0.1558,238,89.8574,-0.6033,29.7291
20430.0,1760020430,3.8394,-0.1936,238,89.5748,-0.7434,29.8666
20460.0,1760020460,3.8666,-0.2041,238,89.7272,-0.7892,30.0315
20490.0,1760020490,3.8625,-0.2646,239,89.7711,-1.022,29.5485
20520.0,1760020520,3.8695,-0.3859,239,89.6838,-1.4932,30.0301
20550.0,1760020550,3.8491,-0.3744,239,89.8148,-1.4413,29.9922
20580.0,1760020580,3.8612,-0.4036,240,89.7307,-1.5583,30.162
20610.0,1760020610,3.8624,-0.4247,240,89.5999,-1.6403,29.4281
20640.0,1760020640,3.8679,-0.5189,241,89.8179,-2.0069,29.6818
20670.0,1760020670,3.8576,-0.5282,241,89.5492,-2.0376,29.1124
20700.0,1760020700,3.8351,-0.581,241,89.7879,-2.2282,29.7859
20730.0,1760020730,3.8547,-0.4683,242,89.7466,-1.8051,30.0319
20760.0,1760020760,3.8701,-0.531,242,89.7116,-2.055,29.744
20790.0,1760020790,3.8418,-0.5971,242,89.7614,-2.2938,29.5721
20820.0,1760020820,3.8314,-0.6581,243,89.5301,-2.5214,29.7986
20850.0,1760020850,3.8381,-0.7094,243,89.5975,-2.7229,29.9602
20880.0,1760020880,3.8293,-0.623,243,89.6621,-2.3856,29.3446
20910.0,1760020910,3.8423,-0.7209,244,89.6241,-2.7697,29.5253
20940.0,1760020940,3.855,-0.698,244,89.7204,-2.6909,29.6097
20970.0,1760020970,3.8337,-0.7435,244,89.6322,-2.8503,30.0401
21000.0,1760021000,3.8292,-0.7499,245,89.5047,-2.8715,29.7014
21030.0,1760021030,3.8293,-0.8084,245,89.4706,-3.0955,29.5735
21060.0,1760021060,3.8382,-0.7741,245,89.6112,-2.9712,29.8251
21090.0,1760021090,3.8455,-0.7792,246,89.4764,-2.9964,29.3569
21120.0,1760021120,3.8453,-0.8741,246,89.5308,-3.3613,29.4596
21150.0,1760021150,3.8363,-0.8839,246,89.4365,-3.3908,29.2321
21180.0,1760021180,3.8239,-0.9267,247,89.5737,-3.5438,29.6419
21210.0,1760021210,3.8334,-0.9538,247,89.5551,-3.6564,29.7964
21240.0,1760021240,3.8241,-0.8938,248,89.3725,-3.4181,29.7502
21270.0,1760021270,3.8359,-0.9022,248,89.4475,-3.4607,29.883
21300.0,1760021300,3.839,-0.7815,248,89.4654,-3.0003,29.5588
21330.0,1760021330,3.8246,-0.8458,249,89.4616,-3.2349,29.8484
21360.0,1760021360,3.8118,-0.8893,249,89.4597,-3.3896,29.6487
21390.0,1760021390,3.8336,-0.9605,249,89.4565,-3.6821,29.615
21420.0,1760021420,3.8238,-0.8393,250,89.3875,-3.2093,29.3808
21450.0,1760021450,3.8156,-0.8273,250,89.4956,-3.1566,29.2372
21480.0,1760021480,3.8223,-0.8574,250,89.3882,-3.2772,29.8823
21510.0,1760021510,3.8247,-0.8569,251,89.2784,-3.2774,29.5704
21540.0,1760021540,3.8184,-0.9033,251,89.3931,-3.4494,29.3816
21570.0,1760021570,3.864,-0.8378,251,89.4437,-3.2372,29.1784
21600.0,1760021600,3.8309,-0.8396,252,89.4912,-3.2165,29.9288
21630.0,1760021630,3.8149,-0.8338,252,89.3233,-3.1808,29.3708
21660.0,1760021660,3.8242,-0.8072,252,89.4398,-3.0868,29.3887
21690.0,1760021690,3.8246,-0.7956,253,89.3879,-3.0427,28.8502
21720.0,1760021720,3.8175,-0.829,253,89.5308,-3.1648,29.2682
21750.0,1760021750,3.8007,-0.7306,253,89.3933,-2.7767,29.3702
21780.0,1760021780,3.8068,-0.8041,254,89.4167,-3.0612,29.3603
21810.0,1760021810,3.8207,-0.7902,254,89.5342,-3.0189,29.1793
21840.0,1760021840,3.8227,-0.6599,255,89.3127,-2.5226,29.2672
21870.0,1760021870,3.8224,-0.6744,255,89.1312,-2.5778,29.0227
21900.0,1760021900,3.8125,-0.6143,255,89.184,-2.342,29.0785
21930.0,1760021930,3.8097,-0.5482,256,89.2167,-2.0885,28.8893
21960.0,1760021960,3.8301,-0.5873,256,89.3003,-2.2494,28.8162
21990.0,1760021990,3.805,-0.5937,256,89.2402,-2.2591,28.9733
22020.0,1760022020,3.7962,-0.595,257,89.4268,-2.2587,28.7012
22050.0,1760022050,3.8088,-0.441,257,89.3372,-1.6797,28.6484
22080.0,1760022080,3.8107,-0.4748,257,89.339,-1.8095,28.7347
22110.0,1760022110,3.807,-0.3557,258,89.3248,-1.3542,28.6023
22140.0,1760022140,3.7991,-0.35,258,89.1831,-1.3298,28.5491
22170.0,1760022170,3.8093,-0.4111,258,89.5315,-1.566,28.6976
22200.0,1760022200,3.8031,-0.3263,259,89.3933,-1.241,28.5132
22230.0,1760022230,3.8263,-0.3176,259,89.3816,-1.2151,28.5824
22260.0,1760022260,3.8032,-0.2375,259,89.2648,-0.9033,28.1516
22290.0,1760022290,3.8072,-0.2755,260,89.1838,-1.0488,28.3002
22320.0,1760022320,3.7889,-0.2484,260,89.1675,-0.941,28.5059
22350.0,1760022350,3.807,-0.2405,260,89.3741,-0.9157,28.0668
22380.0,1760022380,3.8009,-0.1722,261,89.3183,-0.6544,28.4213
22410.0,1760022410,3.7984,-0.1954,261,89.2345,-0.7422,28.1225
22440.0,1760022440,3.8148,-0.0998,262,89.1403,-0.3807,28.0319
22470.0,1760022470,3.813,-0.0128,262,89.2182,-0.049,27.8393
22500.0,1760022500,3.8006,-0.0305,262,89.2176,-0.1159,27.9884
22530.0,1760022530,3.8213,0.0842,263,89.1011,0.3219,28.1943
22560.0,1760022560,3.8185,0.1075,263,89.1042,0.4104,28.2003
22590.0,1760022590,3.8248,0.0953,263,89.0922,0.3645,28.4457
22620.0,1760022620,3.7981,0.1374,264,89.0772,0.5218,28.0012
22650.0,1760022650,3.7919,0.155,264,88.9877,0.5878,28.0406
22680.0,1760022680,3.8058,0.2689,264,88.9845,1.0232,27.8128
22710.0,1760022710,3.8056,0.2384,265,89.2218,0.9073,28.343
22740.0,1760022740,3.8093,0.3793,265,89.1461,1.4448,28.1236
22770.0,1760022770,3.7995,0.3817,265,89.0508,1.4503,27.9491
22800.0,1760022800,3.7974,0.3834,266,88.9936,1.4561,27.6278
22830.0,1760022830,3.8164,0.417,266,88.9501,1.5915,28.1614
22860.0,1760022860,3.8192,0.5537,266,88.8772,2.1148,28.0984
22890.0,1760022890,3.8134,0.397,267,88.994,1.514,28.1324
22920.0,1760022920,3.8019,0.562,267,88.8718,2.1367,28.1001
22950.0,1760022950,3.7964,0.5411,267,88.995,2.0544,28.0074
22980.0,1760022980,3.8167,0.5932,268,88.7629,2.2639,27.679
23010.0,1760023010,3.8206,0.4996,268,88.8911,1.9088,28.0593
23040.0,1760023040,3.7924,0.6916,269,88.8481,2.6227,27.9732
23070.0,1760023070,3.8147,0.6793,269,88.7809,2.5913,28.0669
23100.0,1760023100,3.7922,0.7291,269,88.848,2.7651,27.9526
23130.0,1760023130,3.8307,0.6731,270,88.8284,2.5783,27.9606
23160.0,1760023160,3.814,0.7352,270,89.0149,2.8039,28.3619
23190.0,1760023190,3.8197,0.7875,270,88.7423,3.0078,28.1998
23220.0,1760023220,3.8156,0.8399,271,88.8688,3.2049,28.0901
23250.0,1760023250,3.8116,0.7625,271,88.6969,2.9065,27.5466
23280.0,1760023280,3.8073,0.8932,271,88.6975,3.4009,28.0278
23310.0,1760023310,3.8196,0.8746,272,88.7018,3.3406,28.3782
23340.0,1760023340,3.8202,0.8228,272,88.6826,3.1432,27.3844
23370.0,1760023370,3.8026,0.8715,272,88.5916,3.314,28.0521
23400.0,1760023400,3.8232,0.9247,273,88.6259,3.5354,28.0316
23430.0,1760023430,3.8235,0.9032,273,88.5922,3.4532,28.0784
23460.0,1760023460,3.8014,0.9719,273,88.7935,3.6945,27.8901
23490.0,1760023490,3.8468,0.8461,274,88.5476,3.2549,27.7921
23520.0,1760023520,3.8179,0.9335,274,88.4848,3.564,27.9261
23550.0,1760023550,3.8162,0.9238,274,88.5434,3.5254,27.8874
23580.0,1760023580,3.8187,1.0281,275,88.6655,3.926,27.6429
23610.0,1760023610,3.8186,0.8371,275,88.4543,3.1967,27.5658
23640.0,1760023640,3.8274,0.8582,276,88.4782,3.2846,27.8228
23670.0,1760023670,3.8409,0.8362,276,88.3341,3.2116,27.7055
23700.0,1760023700,3.832,0.8839,276,88.4914,3.3872,27.5862
23730.0,1760023730,3.8134,0.9444,277,88.4662,3.6015,27.4655
23760.0,1760023760,3.8209,0.9858,277,88.4821,3.7668,27.812
23790.0,1760023790,3.8421,0.8287,277,88.4155,3.184,27.6267
23820.0,1760023820,3.8457,0.8745,278,88.459,3.3629,27.4902
23850.0,1760023850,3.8301,0.775,278,88.4294,2.9683,27.5164
23880.0,1760023880,3.826,0.8947,278,88.277,3.4232,27.4929
23910.0,1760023910,3.8306,0.867,279,88.3253,3.3213,27.3217
23940.0,1760023940,3.814,0.8856,279,88.2154,3.3776,27.7167
23970.0,1760023970,3.8513,0.8128,279,88.4622,3.1303,27.5568
24000.0,1760024000,3.8482,0.7608,280,88.1835,2.9277,27.433
24030.0,1760024030,3.8291,0.7006,280,88.1611,2.6828,27.3689
24060.0,1760024060,3.856,0.745,280,88.2105,2.8726,27.12
24090.0,1760024090,3.8451,0.8141,281,88.2907,3.1303,27.4308
24120.0,1760024120,3.837,0.6474,281,88.0845,2.4841,27.274
24150.0,1760024150,3.8385,0.7113,281,88.0993,2.7303,26.976
24180.0,1760024180,3.8393,0.6147,282,88.0868,2.3601,27.1947
24210.0,1760024210,3.8353,0.6053,282,88.2637,2.3217,27.3954
24240.0,1760024240,3.851,0.581,283,88.1258,2.2375,26.7787
24270.0,1760024270,3.8448,0.6331,283,88.1056,2.4341,26.9019
24300.0,1760024300,3.834,0.5621,283,88.0682,2.1552,27.1302
24330.0,1760024330,3.8294,0.5045,284,88.2717,1.932,26.8786
24360.0,1760024360,3.8438,0.4048,284,87.9889,1.5558,26.8014
24390.0,1760024390,3.8583,0.3432,284,88.1359,1.3242,26.8638
24420.0,1760024420,3.8393,0.3497,285,88.1092,1.3425,26.7692
24450.0,1760024450,3.8556,0.3657,285,87.9627,1.4098,26.9518
24480.0,1760024480,3.8582,0.3147,285,88.0733,1.2143,27.0426
24510.0,1760024510,3.8545,0.2658,286,88.0807,1.0245,26.7546
24540.0,1760024540,3.8753,0.2067,286,87.9389,0.8011,26.6477
24570.0,1760024570,3.8563,0.1784,286,88.0779,0.6879,26.5355
24600.0,1760024600,3.8534,0.1271,287,87.9442,0.4897,25.8436
24630.0,1760024630,3.8599,0.0473,287,87.8665,0.1826,26.2582
24660.0,1760024660,3.8743,0.1057,287,87.9273,0.4095,26.4143
24690.0,1760024690,3.852,0.0019,288,87.9879,0.0072,26.5112
24720.0,1760024720,3.8766,0.0078,288,87.8624,0.0301,26.128
24750.0,1760024750,3.8766,-0.0093,288,87.9678,-0.0361,26.4547
24780.0,1760024780,3.8638,-0.0584,289,87.9581,-0.2258,26.4248
24810.0,1760024810,3.859,-0.1374,289,87.8434,-0.5304,26.9386
24840.0,1760024840,3.867,-0.04,290,87.9013,-0.1546,26.5936
24870.0,1760024870,3.872,-0.1664,290,87.8496,-0.6441,26.3661
24900.0,1760024900,3.8707,-0.1418,290,87.8643,-0.549,26.5129
24930.0,1760024930,3.8769,-0.3025,291,87.8947,-1.1729,26.5519
24960.0,1760024960,3.8942,-0.3542,291,87.9063,-1.3794,26.6569
24990.0,1760024990,3.8661,-0.3526,291,87.8475,-1.3631,26.6343
25020.0,1760025020,3.8718,-0.3934,292,87.8341,-1.5232,26.5049
25050.0,1760025050,3.8662,-0.3485,292,87.8991,-1.3475,26.4102
25080.0,1760025080,3.8612,-0.4799,292,87.7508,-1.8531,26.4757
25110.0,1760025110,3.8756,-0.4485,293,87.8597,-1.7381,26.4875
25140.0,1760025140,3.8706,-0.5233,293,87.8872,-2.0256,26.8969
25170.0,1760025170,3.8789,-0.4371,293,87.8947,-1.6956,26.8285
25200.0,1760025200,3.8573,-0.5706,294,87.8263,-2.2009,26.8863
25230.0,1760025230,3.8805,-0.5224,294,87.9238,-2.027,26.2309
25260.0,1760025260,3.882,-0.5968,294,87.8563,-2.3166,26.8758
25290.0,1760025290,3.8658,-0.6266,295,87.8807,-2.4223,26.9705
25320.0,1760025320,3.8827,-0.6651,295,87.7127,-2.5825,26.5447
25350.0,1760025350,3.8733,-0.6512,295,87.7097,-2.5223,26.5741
25380.0,1760025380,3.8696,-0.7203,296,87.6781,-2.7872,27.3107
25410.0,1760025410,3.8528,-0.7588,296,87.7383,-2.9234,26.4279
25440.0,1760025440,3.8758,-0.8031,297,87.7594,-3.1127,26.7253
25470.0,1760025470,3.8764,-0.7705,297,87.6616,-2.9866,26.708
25500.0,1760025500,3.8809,-0.7846,297,87.7799,-3.0448,26.5118
25530.0,1760025530,3.8725,-0.8481,298,87.7696,-3.2842,26.549
25560.0,1760025560,3.8597,-0.9346,298,87.6784,-3.6072,26.8505
25590.0,1760025590,3.8717,-0.8193,298,87.6893,-3.1721,26.9288
25620.0,1760025620,3.8964,-0.8653,299,87.77,-3.3717,26.9385
25650.0,1760025650,3.9039,-0.9206,299,87.7651,-3.594,26.7362
25680.0,1760025680,3.8914,-0.9213,299,87.7747,-3.585,26.9315
25710.0,1760025710,3.8822,-0.8759,300,87.7591,-3.4002,26.9531
25740.0,1760025740,3.8772,-0.8139,300,87.6224,-3.1558,26.3723
25770.0,1760025770,3.8817,-0.9282,300,87.7269,-3.6031,26.666
25800.0,1760025800,3.8683,-0.9304,301,87.6149,-3.5993,26.8224
25830.0,1760025830,3.8735,-0.8938,301,87.7186,-3.4622,26.3124
25860.0,1760025860,3.8845,-0.9409,301,87.7198,-3.6549,26.9255
25890.0,1760025890,3.8667,-0.8573,302,87.763,-3.3151,26.4062
25920.0,1760025920,3.8845,-0.9291,302,87.6064,-3.6089,26.8855
25950.0,1760025950,3.8901,-0.8342,303,87.5506,-3.2451,27.0283
25980.0,1760025980,3.8952,-0.8525,303,87.5652,-3.3208,27.0514
26010.0,1760026010,3.8548,-0.849,303,87.6346,-3.2726,26.7824
26040.0,1760026040,3.8752,-0.9125,304,87.5818,-3.5363,26.5773
26070.0,1760026070,3.8794,-0.9008,304,87.6911,-3.4944,26.6492
26100.0,1760026100,3.8721,-0.8361,304,87.4744,-3.2377,26.6186
26130.0,1760026130,3.885,-0.9005,305,87.5408,-3.4985,26.4419
26160.0,1760026160,3.8688,-0.8289,305,87.4777,-3.2068,26.7429
26190.0,1760026190,3.8637,-0.774,305,87.5281,-2.9903,26.7595
26220.0,1760026220,3.8459,-0.8384,306,87.5277,-3.2244,26.5388
26250.0,1760026250,3.8822,-0.7068,306,87.4943,-2.7438,26.8871
26280.0,1760026280,3.8727,-0.9279,306,87.4976,-3.5935,26.2746
26310.0,1760026310,3.8639,-0.5775,307,87.5148,-2.2314,26.531
26340.0,1760026340,3.8895,-0.6684,307,87.5551,-2.5999,26.6491
26370.0,1760026370,3.8731,-0.6838,307,87.4795,-2.6482,26.5003
26400.0,1760026400,3.8765,-0.6141,308,87.3435,-2.3807,26.3289
26430.0,1760026430,3.867,-0.6775,308,87.386,-2.6198,26.1608
26460.0,1760026460,3.8539,-0.6618,308,87.4503,-2.5505,26.2623
26490.0,1760026490,3.8665,-0.5287,309,87.3565,-2.0441,26.2614
26520.0,1760026520,3.8612,-0.4763,309,87.4556,-1.8392,25.9984
26550.0,1760026550,3.8647,-0.5193,310,87.3559,-2.007,26.1079
26580.0,1760026580,3.8628,-0.4871,310,87.3339,-1.8814,26.1513
26610.0,1760026610,3.8453,-0.4739,310,87.3957,-1.8224,26.44
26640.0,1760026640,3.8712,-0.4101,311,87.1478,-1.5877,26.4215
26670.0,1760026670,3.858,-0.4409,311,87.3468,-1.7012,26.5663
26700.0,1760026700,3.8383,-0.4303,311,87.3406,-1.6517,26.2997
26730.0,1760026730,3.8444,-0.3061,312,87.1893,-1.1769,26.3831
26760.0,1760026760,3.8586,-0.2948,312,87.183,-1.1377,26.2538
26790.0,1760026790,3.8595,-0.1632,312,87.1907,-0.6297,26.1123
26820.0,1760026820,3.8503,-0.2069,313,87.1992,-0.7965,25.6793
26850.0,1760026850,3.8528,-0.1151,313,87.0938,-0.4433,26.1534
26880.0,1760026880,3.8374,-0.1364,313,87.1311,-0.5235,26.0553
26910.0,1760026910,3.8491,-0.102,314,87.1258,-0.3925,26.1076
26940.0,1760026940,3.8519,-0.0837,314,86.9753,-0.3223,26.3229
26970.0,1760026970,3.8379,-0.0805,314,86.9896,-0.309,26.095
27000.0,1760027000,3.8277,-0.0573,315,87.0841,-0.2192,25.9908
27030.0,1760027030,3.8479,0.1107,315,86.9188,0.426,26.2799
27060.0,1760027060,3.8541,0.0915,315,87.0274,0.3528,26.0524
27090.0,1760027090,3.843,0.1765,316,86.8917,0.6781,26.5609
27120.0,1760027120,3.8468,0.1894,316,86.9106,0.7285,26.1659
27150.0,1760027150,3.8346,0.1143,317,86.8369,0.4384,26.2498
27180.0,1760027180,3.8425,0.1881,317,86.8371,0.723,26.0101
27210.0,1760027210,3.8272,0.284,317,86.8642,1.087,26.3168
27240.0,1760027240,3.8162,0.3338,318,86.8519,1.2737,26.3214
27270.0,1760027270,3.8285,0.331,318,86.7823,1.2671,26.5067
27300.0,1760027300,3.8392,0.4296,318,86.8994,1.6492,26.9229
27330.0,1760027330,3.8349,0.558,319,86.8157,2.1399,27.063
27360.0,1760027360,3.8423,0.5237,319,86.7847,2.0124,26.7781
27390.0,1760027390,3.8443,0.4899,319,86.6923,1.8831,26.6757
27420.0,1760027420,3.8221,0.4803,320,86.7099,1.8356,26.4701
27450.0,1760027450,3.8245,0.6202,320,86.8185,2.3719,26.6714
27480.0,1760027480,3.8441,0.6777,320,86.6673,2.6051,26.9498
27510.0,1760027510,3.8302,0.614,321,86.726,2.3517,26.9387
27540.0,1760027540,3.8129,0.6165,321,86.5938,2.3507,26.6084
27570.0,1760027570,3.8193,0.6492,321,86.6897,2.4796,26.489
27600.0,1760027600,3.8235,0.7108,322,86.7885,2.7178,26.7007
27630.0,1760027630,3.8076,0.7327,322,86.7472,2.7898,26.9981
27660.0,1760027660,3.8251,0.7285,322,86.5059,2.7868,27.2678
27690.0,1760027690,3.8208,0.7356,323,86.6413,2.8105,26.9986
27720.0,1760027720,3.8067,0.7114,323,86.4363,2.7082,27.2198
27750.0,1760027750,3.8123,0.7461,324,86.5352,2.8445,27.2527
27780.0,1760027780,3.8291,0.8253,324,86.645,3.1603,27.0931
27810.0,1760027810,3.8228,0.8525,324,86.5395,3.2588,27.2354
27840.0,1760027840,3.8018,0.9071,325,86.4085,3.4485,27.04
27870.0,1760027870,3.8238,0.8803,325,86.6073,3.3661,27.3302
27900.0,1760027900,3.8044,0.7883,325,86.4523,2.999,27.4509
27930.0,1760027930,3.7945,0.8783,326,86.4869,3.3327,27.0146
27960.0,1760027960,3.8156,0.8975,326,86.4432,3.4245,27.1558
27990.0,1760027990,3.8023,0.8493,326,86.4769,3.2294,27.1534
28020.0,1760028020,3.82,0.9381,327,86.3449,3.5836,27.1224
28050.0,1760028050,3.7984,0.8719,327,86.4962,3.3119,27.2745
28080.0,1760028080,3.799,0.8975,327,86.4502,3.4095,27.1408
28110.0,1760028110,3.8032,0.9303,328,86.289,3.5382,27.203
28140.0,1760028140,3.8049,0.8097,328,86.4236,3.0809,27.2125
28170.0,1760028170,3.7998,0.9941,328,86.2987,3.7776,27.2828
28200.0,1760028200,3.797,0.8632,329,86.3124,3.2778,27.2645
28230.0,1760028230,3.8012,0.8665,329,86.4088,3.2937,27.1969
28260.0,1760028260,3.8195,0.8441,329,86.3525,3.2238,27.2313
28290.0,1760028290,3.8192,0.8893,330,86.2803,3.3962,27.642
28320.0,1760028320,3.7862,0.9436,330,86.1904,3.5725,27.1607
28350.0,1760028350,3.7961,0.8928,331,86.3721,3.389,27.6381
28380.0,1760028380,3.7928,0.9051,331,86.3927,3.4328,27.4896
28410.0,1760028410,3.801,0.7328,331,86.3012,2.7854,27.2941
28440.0,1760028440,3.7967,0.7537,332,86.2108,2.8615,27.429
28470.0,1760028470,3.7931,0.7776,332,86.416,2.9496,27.5581
28500.0,1760028500,3.8028,0.8471,332,86.348,3.2214,27.3222
28530.0,1760028530,3.8092,0.7323,333,86.4575,2.7893,27.642
28560.0,1760028560,3.7979,0.7113,333,86.2096,2.7016,27.4501
28590.0,1760028590,3.7905,0.6653,333,86.1739,2.5217,27.6445
28620.0,1760028620,3.7729,0.6717,334,86.1777,2.5342,27.5937
28650.0,1760028650,3.7889,0.6941,334,86.3504,2.63,27.6832
28680.0,1760028680,3.8084,0.6317,334,86.2171,2.4059,27.1386
28710.0,1760028710,3.7766,0.6198,335,86.147,2.3406,27.7134
28740.0,1760028740,3.7939,0.4634,335,86.304,1.7582,27.2479
28770.0,1760028770,3.8124,0.5677,335,86.3562,2.1644,27.3724
28800.0,1760028800,3.7788,0.4978,336,86.3661,1.8811,27.2549
28830.0,1760028830,3.7907,0.4973,336,86.2787,1.885,27.5834
28860.0,1760028860,3.7917,0.4761,336,86.2821,1.8051,27.2364
28890.0,1760028890,3.8178,0.4156,337,86.264,1.5866,27.5461
28920.0,1760028920,3.7939,0.3327,337,86.1132,1.2621,27.4127
28950.0,1760028950,3.7934,0.282,338,86.1512,1.0698,27.4779
28980.0,1760028980,3.7915,0.2869,338,86.0982,1.0879,27.093
29010.0,1760029010,3.7857,0.1322,338,86.1917,0.5006,27.2436
29040.0,1760029040,3.7909,0.2064,339,86.256,0.7825,27.5677
29070.0,1760029070,3.7834,0.2016,339,86.1116,0.7627,27.0778
29100.0,1760029100,3.7919,0.0681,339,86.1273,0.2583,27.7834
29130.0,1760029130,3.7731,0.1511,340,86.2401,0.57,27.6119
29160.0,1760029160,3.7827,0.1158,340,86.2805,0.438,27.4308
29190.0,1760029190,3.8044,-0.0376,340,86.2216,-0.1432,27.1211
29220.0,1760029220,3.7952,-0.0197,341,86.1197,-0.0749,27.5255
29250.0,1760029250,3.8097,-0.0187,341,86.1862,-0.0711,27.6647
29280.0,1760029280,3.7931,-0.0716,341,86.0284,-0.2714,27.318
29310.0,1760029310,3.8102,-0.1033,342,86.307,-0.3936,27.7304
29340.0,1760029340,3.7926,-0.1361,342,86.1934,-0.5161,27.756
29370.0,1760029370,3.7728,-0.1973,342,85.9059,-0.7442,27.5155
29400.0,1760029400,3.791,-0.2212,343,86.0986,-0.8384,27.6036
29430.0,1760029430,3.8037,-0.1692,343,86.1493,-0.6434,27.3315
29460.0,1760029460,3.8041,-0.2681,343,85.9224,-1.0197,27.549
29490.0,1760029490,3.7945,-0.2935,344,86.0543,-1.1136,27.8318
29520.0,1760029520,3.7778,-0.3779,344,85.9259,-1.4276,27.5152
29550.0,1760029550,3.7882,-0.3623,345,86.0542,-1.3725,27.974
29580.0,1760029580,3.7984,-0.4012,345,85.9709,-1.5241,28.4099
29610.0,1760029610,3.7985,-0.4548,345,86.0292,-1.7275,28.2259
29640.0,1760029640,3.8028,-0.5415,346,85.9367,-2.0593,28.0068
29670.0,1760029670,3.7972,-0.5915,346,85.9652,-2.246,28.3938
29700.0,1760029700,3.8151,-0.5314,346,86.0441,-2.0272,28.4199
29730.0,1760029730,3.8126,-0.5013,347,85.9085,-1.9113,28.0251
29760.0,1760029760,3.8061,-0.6193,347,86.0119,-2.3571,28.8127
29790.0,1760029790,3.8055,-0.6957,347,86.0206,-2.6475,28.3097
29820.0,1760029820,3.8017,-0.6236,348,85.834,-2.3709,28.425
29850.0,1760029850,3.8022,-0.6664,348,85.8199,-2.534,28.1477
29880.0,1760029880,3.813,-0.7415,348,85.6586,-2.8272,28.4272
29910.0,1760029910,3.807,-0.6657,349,85.9164,-2.5342,28.555
29940.0,1760029940,3.7973,-0.8101,349,85.8963,-3.076,28.4545
29970.0,1760029970,3.8084,-0.7793,349,85.7348,-2.9678,29.1049
30000.0,1760030000,3.8095,-0.7168,350,85.7698,-2.7308,28.7
30030.0,1760030030,3.7983,-0.8723,350,85.809,-3.3133,28.8394
30060.0,1760030060,3.8064,-0.7951,350,85.6744,-3.0265,28.5779
30090.0,1760030090,3.7912,-0.8123,351,85.8718,-3.0796,28.9156
30120.0,1760030120,3.795,-0.9462,351,85.8202,-3.5906,28.8648
30150.0,1760030150,3.8176,-0.8546,352,85.6769,-3.2625,28.1974
30180.0,1760030180,3.8055,-0.8993,352,85.7857,-3.4223,28.5689
30210.0,1760030210,3.8204,-0.8824,352,85.6905,-3.3711,28.9282
30240.0,1760030240,3.8244,-0.9276,353,85.6736,-3.5476,28.9278
30270.0,1760030270,3.8158,-0.8742,353,85.7878,-3.3358,29.1457
30300.0,1760030300,3.8095,-0.9259,353,85.7349,-3.5273,29.1322
30330.0,1760030330,3.824,-0.884,354,85.6987,-3.3806,29.0292
30360.0,1760030360,3.8303,-0.9248,354,85.5746,-3.5421,28.8582
30390.0,1760030390,3.8169,-0.8682,354,85.5929,-3.3139,28.9202
30420.0,1760030420,3.8281,-1.011,355,85.4828,-3.8704,29.2868
30450.0,1760030450,3.8083,-0.8534,355,85.5987,-3.25,28.8422
30480.0,1760030480,3.8205,-0.8496,355,85.5479,-3.2458,29.2689
30510.0,1760030510,3.8387,-0.8693,356,85.4711,-3.3371,29.3728
30540.0,1760030540,3.8136,-0.8546,356,85.4805,-3.2591,29.356
30570.0,1760030570,3.8402,-0.8807,356,85.4168,-3.382,28.8826
30600.0,1760030600,3.8168,-0.8016,357,85.398,-3.0596,28.9124
30630.0,1760030630,3.8405,-0.7919,357,85.4346,-3.0413,29.4008
30660.0,1760030660,3.8491,-0.8637,357,85.4798,-3.3246,29.0211
30690.0,1760030690,3.8322,-0.8395,358,85.3877,-3.2171,29.4653
30720.0,1760030720,3.8514,-0.7734,358,85.337,-2.9788,29.2289
30750.0,1760030750,3.8263,-0.6768,359,85.3818,-2.5896,28.8974
30780.0,1760030780,3.8427,-0.7339,359,85.3281,-2.82,29.1734
30810.0,1760030810,3.854,-0.7024,359,85.3105,-2.7071,29.2005
30840.0,1760030840,3.8402,-0.6343,360,85.1071,-2.4358,29.2531
30870.0,1760030870,3.8362,-0.6425,360,85.2373,-2.4646,29.1601
30900.0,1760030900,3.8415,-0.646,360,85.1323,-2.4816,29.2768
30930.0,1760030930,3.8507,-0.6196,361,85.2208,-2.3859,29.2691
30960.0,1760030960,3.8419,-0.5899,361,85.056,-2.2663,29.4928
30990.0,1760030990,3.8494,-0.6617,361,85.2346,-2.5471,29.479
31020.0,1760031020,3.8376,-0.5362,362,85.0993,-2.0577,29.1621
31050.0,1760031050,3.8249,-0.5378,362,85.0189,-2.0569,29.3057
31080.0,1760031080,3.8381,-0.4523,362,84.9449,-1.7358,29.1946
31110.0,1760031110,3.8403,-0.5207,363,85.0294,-1.9998,29.4517
31140.0,1760031140,3.8557,-0.338,363,84.9126,-1.3032,28.8405
31170.0,1760031170,3.8426,-0.4323,363,84.9955,-1.6613,29.0828
31200.0,1760031200,3.8399,-0.3113,364,85.1345,-1.1955,29.0842
31230.0,1760031230,3.8556,-0.3539,364,85.0436,-1.3644,29.1885
31260.0,1760031260,3.8615,-0.3571,365,84.9931,-1.3788,29.5038
31290.0,1760031290,3.8491,-0.2005,365,84.9021,-0.7718,29.2238
31320.0,1760031320,3.8578,-0.1872,365,85.0225,-0.7222,28.9114
31350.0,1760031350,3.8485,-0.1264,366,84.9106,-0.4863,29.3092
31380.0,1760031380,3.8492,-0.1924,366,84.985,-0.7405,29.1524
31410.0,1760031410,3.8387,-0.0748,366,84.9642,-0.2871,29.032
31440.0,1760031440,3.8664,-0.0623,367,84.9869,-0.241,29.2928
31470.0,1760031470,3.85,0.0353,367,84.811,0.1361,29.1103
31500.0,1760031500,3.8596,0.0207,367,84.8206,0.0801,29.3197
31530.0,1760031530,3.8781,0.0539,368,84.9328,0.209,29.3139
31560.0,1760031560,3.8478,0.0665,368,84.7319,0.2558,29.0039
31590.0,1760031590,3.8462,0.1455,368,84.917,0.5596,29.2215
31620.0,1760031620,3.8595,0.1829,369,84.6905,0.7059,29.0639
31650.0,1760031650,3.8644,0.1837,369,84.8682,0.7099,29.5471
31680.0,1760031680,3.8578,0.2592,369,84.6835,0.9998,29.5132
31710.0,1760031710,3.8727,0.2514,370,84.7563,0.9736,29.226
31740.0,1760031740,3.8577,0.2628,370,84.8354,1.0139,29.5083
31770.0,1760031770,3.8567,0.4396,370,84.7626,1.6954,29.6395
31800.0,1760031800,3.8528,0.3338,371,84.6606,1.2862,29.7443
31830.0,1760031830,3.8873,0.4334,371,84.8255,1.6846,29.6451
31860.0,1760031860,3.8646,0.5193,372,84.6772,2.007,30.0031
31890.0,1760031890,3.8634,0.4644,372,84.794,1.794,29.8231
31920.0,1760031920,3.8764,0.5571,372,84.6454,2.1597,29.8351
31950.0,1760031950,3.872,0.5268,373,84.9108,2.0398,30.2699
31980.0,1760031980,3.8652,0.6269,373,84.7163,2.423,29.6814
32010.0,1760032010,3.8627,0.5903,373,84.765,2.28,29.9152
32040.0,1760032040,3.8792,0.5914,374,84.7438,2.294,29.9537
32070.0,1760032070,3.862,0.7214,374,84.628,2.7861,30.0862
32100.0,1760032100,3.8623,0.7143,374,84.7601,2.759,29.8479
32130.0,1760032130,3.8689,0.6502,375,84.6601,2.5156,30.2566
32160.0,1760032160,3.8433,0.7357,375,84.5607,2.8274,30.3625
32190.0,1760032190,3.8807,0.7346,375,84.7619,2.8507,30.2243
32220.0,1760032220,3.86,0.8615,376,84.5803,3.3253,30.039
32250.0,1760032250,3.866,0.7275,376,84.7555,2.8125,30.045
32280.0,1760032280,3.8504,0.8985,376,84.5735,3.4597,30.3278
32310.0,1760032310,3.8519,0.7925,377,84.6543,3.0525,30.2449
32340.0,1760032340,3.8612,0.9062,377,84.4931,3.4988,30.3078
32370.0,1760032370,3.8652,0.9311,377,84.6058,3.5988,30.2028
32400.0,1760032400,3.8511,0.881,378,84.7716,3.3927,30.1952
32430.0,1760032430,3.8545,0.8852,378,84.5878,3.412,30.4789
32460.0,1760032460,3.8629,0.8946,379,84.6188,3.4555,30.3778
32490.0,1760032490,3.8609,0.8612,379,84.6695,3.3248,30.7738
32520.0,1760032520,3.8458,0.9119,379,84.6408,3.5071,30.1849
32550.0,1760032550,3.8593,0.8849,380,84.7233,3.4152,30.4497
32580.0,1760032580,3.865,0.9396,380,84.6889,3.6317,30.5929
32610.0,1760032610,3.866,0.8986,380,84.5494,3.4739,30.4992
32640.0,1760032640,3.873,0.9238,381,84.6067,3.5779,30.3228
32670.0,1760032670,3.841,0.8679,381,84.3592,3.3338,30.1835
32700.0,1760032700,3.8525,0.9777,381,84.6826,3.7664,30.4872
32730.0,1760032730,3.8471,0.9364,382,84.6402,3.6026,30.9895
32760.0,1760032760,3.8574,0.9428,382,84.5381,3.6368,30.9144
32790.0,1760032790,3.8759,0.86,382,84.5543,3.3332,30.5451
32820.0,1760032820,3.8527,0.8755,383,84.6329,3.373,30.7763
32850.0,1760032850,3.8564,0.888,383,84.4569,3.4246,30.4826
32880.0,1760032880,3.8523,0.8481,383,84.5795,3.2673,30.5617
32910.0,1760032910,3.8463,0.9109,384,84.3813,3.5036,30.6489
32940.0,1760032940,3.8507,0.8063,384,84.5768,3.1046,30.8814
32970.0,1760032970,3.8497,0.6985,384,84.3469,2.6892,30.4087
33000.0,1760033000,3.8437,0.7241,385,84.3854,2.7831,30.6971
33030.0,1760033030,3.8319,0.7256,385,84.3533,2.7805,30.7048
33060.0,1760033060,3.8491,0.7471,386,84.4287,2.8758,30.8538
33090.0,1760033090,3.8388,0.6925,386,84.4532,2.6585,30.1263
33120.0,1760033120,3.8266,0.7158,386,84.5301,2.7391,30.7322
33150.0,1760033150,3.8281,0.6889,387,84.4021,2.6371,30.2835
33180.0,1760033180,3.8383,0.561,387,84.3505,2.1531,30.516
33210.0,1760033210,3.8345,0.6379,387,84.4121,2.4461,30.448
33240.0,1760033240,3.8471,0.4915,388,84.5003,1.8907,30.4397
33270.0,1760033270,3.8428,0.4986,388,84.3702,1.9159,30.4021
33300.0,1760033300,3.8393,0.4415,388,84.4289,1.6949,30.4496
33330.0,1760033330,3.8198,0.5038,389,84.4031,1.9243,30.5042
33360.0,1760033360,3.8441,0.443,389,84.2764,1.703,30.6462
33390.0,1760033390,3.8208,0.4724,389,84.4104,1.8049,30.3786
33420.0,1760033420,3.8456,0.4267,390,84.2867,1.6409,30.4159
33450.0,1760033450,3.8252,0.2617,390,84.3554,1.0013,30.564
33480.0,1760033480,3.8318,0.3417,390,84.3471,1.3095,30.4586
33510.0,1760033510,3.8263,0.2752,391,84.2802,1.0532,30.2377
33540.0,1760033540,3.8163,0.2456,391,84.2434,0.9374,29.8099
33570.0,1760033570,3.8292,0.1572,391,84.2441,0.602,30.4023
33600.0,1760033600,3.8275,0.0978,392,84.1143,0.3745,30.5193
33630.0,1760033630,3.814,0.0951,392,84.3006,0.3627,29.8904
33660.0,1760033660,3.7892,0.0451,393,84.2228,0.1708,30.0762
33690.0,1760033690,3.8239,0.0438,393,84.0148,0.1674,30.1698
33720.0,1760033720,3.8223,0.039,393,84.1344,0.1492,29.9308
33750.0,1760033750,3.8267,-0.0887,394,84.0139,-0.3393,29.7918
33780.0,1760033780,3.8441,-0.0391,394,84.2655,-0.1504,30.02
33810.0,1760033810,3.8047,-0.0829,394,84.0135,-0.3155,29.9964
33840.0,1760033840,3.8264,-0.1011,395,84.0138,-0.3868,30.1567
33870.0,1760033870,3.8246,-0.1315,395,84.0815,-0.503,29.7837
33900.0,1760033900,3.8228,-0.2144,395,84.0219,-0.8194,30.3846
33930.0,1760033930,3.8012,-0.3037,396,83.971,-1.1544,30.5279
33960.0,1760033960,3.8274,-0.2939,396,83.902,-1.1247,29.9861
33990.0,1760033990,3.8094,-0.4649,396,84.0295,-1.7711,30.6082
34020.0,1760034020,3.8,-0.3001,397,83.8921,-1.1405,30.1027
34050.0,1760034050,3.8128,-0.377,397,83.8962,-1.4373,30.45
34080.0,1760034080,3.7957,-0.4688,397,83.7525,-1.7794,30.6546
34110.0,1760034110,3.8128,-0.3973,398,83.8085,-1.5149,30.3109
34140.0,1760034140,3.7951,-0.4243,398,83.8654,-1.6104,29.9947
34170.0,1760034170,3.8188,-0.4546,398,83.8372,-1.7362,29.8669
34200.0,1760034200,3.7876,-0.5532,399,83.7377,-2.0952,30.269
34230.0,1760034230,3.8024,-0.599,399,83.795,-2.2777,30.4411
34260.0,1760034260,3.8105,-0.6879,400,83.7509,-2.6213,30.4889
34290.0,1760034290,3.7937,-0.6864,400,83.5915,-2.604,30.6809
34320.0,1760034320,3.7959,-0.6309,400,83.6976,-2.3948,30.5903
34350.0,1760034350,3.7967,-0.6535,401,83.6872,-2.4813,30.5881
34380.0,1760034380,3.8031,-0.7186,401,83.7353,-2.7329,30.1091
34410.0,1760034410,3.7964,-0.7479,401,83.605,-2.8394,30.4768
34440.0,1760034440,3.7858,-0.6471,402,83.6096,-2.4496,30.4435
34470.0,1760034470,3.7858,-0.7765,402,83.7047,-2.9398,30.4822
34500.0,1760034500,3.8052,-0.7927,402,83.5958,-3.0163,30.1362
34530.0,1760034530,3.7866,-0.8895,403,83.5964,-3.3682,30.9258
34560.0,1760034560,3.7718,-0.8038,403,83.5747,-3.0316,30.3134
34590.0,1760034590,3.7817,-0.9656,403,83.6063,-3.6517,30.7469
34620.0,1760034620,3.79,-0.8675,404,83.4693,-3.2877,30.304
34650.0,1760034650,3.7843,-0.813,404,83.4681,-3.0765,30.3167
34680.0,1760034680,3.781,-0.9125,404,83.4131,-3.4503,30.8922
34710.0,1760034710,3.7777,-0.8738,405,83.3134,-3.3009,30.2509
34740.0,1760034740,3.7751,-0.9118,405,83.3757,-3.4419,30.3164
34770.0,1760034770,3.7696,-0.8404,405,83.2028,-3.1682,30.4227
34800.0,1760034800,3.7809,-0.8542,406,83.471,-3.2298,30.5537
34830.0,1760034830,3.7885,-0.8924,406,83.2735,-3.3808,30.4406
34860.0,1760034860,3.7837,-0.8441,407,83.3426,-3.1938,30.4254
34890.0,1760034890,3.7834,-0.8687,407,83.3057,-3.2868,30.4787
34920.0,1760034920,3.7774,-0.7958,407,83.3484,-3.0061,30.3581
34950.0,1760034950,3.7864,-0.9491,408,83.0591,-3.5938,30.7775
34980.0,1760034980,3.7903,-0.8496,408,83.3579,-3.2201,30.2926
35010.0,1760035010,3.7895,-0.8424,408,83.3683,-3.1924,30.3921
35040.0,1760035040,3.774,-0.8124,409,83.3472,-3.0659,30.7013
35070.0,1760035070,3.788,-0.8765,409,83.2108,-3.3203,30.4467
35100.0,1760035100,3.7704,-0.883,409,83.2361,-3.3293,29.9698
35130.0,1760035130,3.8048,-0.8063,410,83.3449,-3.0679,30.2417
35160.0,1760035160,3.7808,-0.8141,410,83.1935,-3.0778,30.0924
35190.0,1760035190,3.7718,-0.8107,410,83.3068,-3.0578,30.1101
35220.0,1760035220,3.7752,-0.7311,411,83.2151,-2.7601,30.2686
35250.0,1760035250,3.7737,-0.7499,411,83.1492,-2.8299,30.4162
35280.0,1760035280,3.775,-0.676,411,83.0901,-2.5519,30.047
35310.0,1760035310,3.7899,-0.7395,412,83.1861,-2.8026,30.1075
35340.0,1760035340,3.7866,-0.6453,412,83.1107,-2.4434,29.9717
35370.0,1760035370,3.7499,-0.669,412,83.2745,-2.5085,30.4102
35400.0,1760035400,3.7819,-0.6805,413,83.1924,-2.5736,30.2104
35430.0,1760035430,3.786,-0.5753,413,83.046,-2.1781,30.2087
35460.0,1760035460,3.7744,-0.6455,414,83.1555,-2.4364,30.085
35490.0,1760035490,3.7672,-0.4834,414,83.0601,-1.8211,29.6722
35520.0,1760035520,3.7844,-0.4913,414,83.0664,-1.8591,30.0146
35550.0,1760035550,3.7747,-0.4672,415,83.106,-1.7637,29.5902
35580.0,1760035580,3.7584,-0.4286,415,83.0301,-1.6108,29.6821
35610.0,1760035610,3.7896,-0.4371,415,83.0747,-1.6566,29.8067
35640.0,1760035640,3.7807,-0.351,416,83.1699,-1.3271,29.5285
35670.0,1760035670,3.7952,-0.3489,416,83.1118,-1.3241,29.7043
35700.0,1760035700,3.7806,-0.3416,416,83.0462,-1.2915,29.6606
35730.0,1760035730,3.7792,-0.285,417,83.1295,-1.0771,29.7558
35760.0,1760035760,3.7686,-0.3166,417,83.2012,-1.1932,29.462
35790.0,1760035790,3.7722,-0.127,417,83.1287,-0.479,29.4471
35820.0,1760035820,3.7751,-0.2638,418,83.0306,-0.996,29.4761
35850.0,1760035850,3.7784,-0.2013,418,83.0834,-0.7606,29.4152
35880.0,1760035880,3.7697,-0.0654,418,83.0006,-0.2464,29.3944
35910.0,1760035910,3.798,-0.0638,419,83.0,-0.2422,29.2402
35940.0,1760035940,3.7839,-0.0018,419,83.0,-0.0067,29.0443
35970.0,1760035970,3.793,0.0744,420,83.1189,0.2823,29.4383
