Test Time / s,Unix Time / s,Voltage / V,Current / A,Cycle Count / 1,Ambient Temperature / degC,Power / W,Capacity / %
1.6927719116210938e-05,1780321642,3.7,0.0,0,25.0,0.0,100.0
1.0004093647003174,1780321643,3.7,0.0,0,25.0,0.0,100.0
2.0011515617370605,1780321644,3.7,0.0,0,25.0,0.0,100.0
3.001903533935547,1780321645,3.7,0.0,0,25.0,0.0,100.0
4.00304913520813,1780321646,3.7,0.0,0,25.0,0.0,100.0
5.004141330718994,1780321647,3.7,0.0,0,25.0,0.0,100.0
6.005218029022217,1780321648,3.7,0.0,0,25.0,0.0,100.0
7.0063254833221436,1780321649,3.7,0.0,0,25.0,0.0,100.0
8.00747537612915,1780321650,3.7,0.0,0,25.0,0.0,100.0
9.008589029312134,1780321651,3.7,0.0,0,25.0,0.0,100.0
10.009751319885254,1780321652,3.7,0.0,0,25.0,0.0,100.0
11.010891914367676,1780321653,3.7,0.0,0,25.0,0.0,100.0
12.01145625114441,1780321654,3.7,0.0,0,25.0,0.0,100.0
13.012267112731934,1780321655,3.7,0.0,0,25.0,0.0,100.0
14.01290512084961,1780321656,3.7,0.0,0,25.0,0.0,100.0
15.014012336730957,1780321657,3.7,0.0,0,25.0,0.0,100.0
16.015101671218872,1780321658,3.7,0.0,0,25.0,0.0,100.0
17.016256093978882,1780321659,3.7,0.0,0,25.0,0.0,100.0
18.017515182495117,1780321660,3.7,0.0,0,25.0,0.0,100.0
19.018739700317383,1780321661,3.7,0.0,0,25.0,0.0,100.0
20.02000331878662,1780321662,3.7,0.0,0,25.0,0.0,100.0
21.02081799507141,1780321663,3.7,0.0,0,25.0,0.0,100.0
22.021636724472046,1780321664,3.7,0.0,0,25.0,0.0,100.0
23.02275514602661,1780321665,3.7,0.0,0,25.0,0.0,100.0
24.023924827575684,1780321666,3.7,0.0,0,25.0,0.0,100.0
25.02502751350403,1780321667,3.7,0.0,0,25.0,0.0,100.0
26.026889085769653,1780321668,3.7,0.0,0,25.0,0.0,100.0
27.0276780128479,1780321669,3.7,0.0,0,25.0,0.0,100.0
28.02892541885376,1780321670,3.7,0.0,0,25.0,0.0,100.0
29.030070066452026,1780321671,3.7,0.0,0,25.0,0.0,100.0
30.031278371810913,1780321672,3.7,0.0,0,25.0,0.0,100.0
31.032784700393677,1780321673,3.7,0.0,0,25.0,0.0,100.0
32.033897399902344,1780321674,3.7,0.0,0,25.0,0.0,100.0
33.034668922424316,1780321675,3.7,0.0,0,25.0,0.0,100.0
34.03541588783264,1780321676,3.7,0.0,0,25.0,0.0,100.0
35.0365195274353,1780321677,3.7,0.0,0,25.0,0.0,100.0
36.03765416145325,1780321678,3.7,0.0,0,25.0,0.0,100.0
37.03833198547363,1780321679,3.7,0.0,0,25.0,0.0,100.0
38.03940391540527,1780321680,3.7,0.0,0,25.0,0.0,100.0
39.04005813598633,1780321681,3.7,0.0,0,25.0,0.0,100.0
40.041245222091675,1780321682,3.7,0.0,0,25.0,0.0,100.0
41.04235625267029,1780321683,3.7,0.0,0,25.0,0.0,100.0
42.043490171432495,1780321684,3.7,0.0,0,25.0,0.0,100.0
43.044652700424194,1780321685,3.7,0.0,0,25.0,0.0,100.0
44.045756340026855,1780321686,3.7,0.0,0,25.0,0.0,100.0
45.046345233917236,1780321687,3.7,0.0,0,25.0,0.0,100.0
46.04700541496277,1780321688,3.7,0.0,0,25.0,0.0,100.0
47.04810094833374,1780321689,3.7,0.0,0,25.0,0.0,100.0
48.04954123497009,1780321690,3.7,0.0,0,25.0,0.0,100.0
49.05067014694214,1780321691,3.7,0.0,0,25.0,0.0,100.0
50.05176091194153,1780321692,3.7,0.0,0,25.0,0.0,100.0
51.05291509628296,1780321693,3.7,0.0,0,25.0,0.0,100.0
52.054113149642944,1780321694,3.7,0.0,0,25.0,0.0,100.0
53.05491375923157,1780321695,3.7,0.0,0,25.0,0.0,100.0
54.05549764633179,1780321696,3.7,0.0,0,25.0,0.0,100.0
55.05664849281311,1780321697,3.7,0.0,0,25.0,0.0,100.0
56.05776810646057,1780321698,3.7,0.0,0,25.0,0.0,100.0
57.05882000923157,1780321699,3.7,0.0,0,25.0,0.0,100.0
58.05961298942566,1780321700,3.7,0.0,0,25.0,0.0,100.0
59.060800313949585,1780321701,3.7,0.0,0,25.0,0.0,100.0
60.061988830566406,1780321702,3.7,0.0,0,25.0,0.0,100.0
61.06322932243347,1780321703,3.7,0.0,0,25.0,0.0,100.0
62.064502239227295,1780321704,3.7,0.0,0,25.0,0.0,100.0
63.06569218635559,1780321705,3.7,0.0,0,25.0,0.0,100.0
64.06682538986206,1780321706,3.7,0.0,0,25.0,0.0,100.0
65.06748175621033,1780321707,3.7,0.0,0,25.0,0.0,100.0
66.06837177276611,1780321708,3.7,0.0,0,25.0,0.0,100.0
67.06993985176086,1780321709,3.7,0.0,0,25.0,0.0,100.0
68.07103967666626,1780321710,3.7,0.0,0,25.0,0.0,100.0
69.07223868370056,1780321711,3.7,0.0,0,25.0,0.0,100.0
70.07339072227478,1780321712,3.7,0.0,0,25.0,0.0,100.0
71.07420873641968,1780321713,3.7,0.0,0,25.0,0.0,100.0
72.07543015480042,1780321714,3.7,0.0,0,25.0,0.0,100.0
73.07659697532654,1780321715,3.7,0.0,0,25.0,0.0,100.0
74.07720637321472,1780321716,3.7,0.0,0,25.0,0.0,100.0
75.07840037345886,1780321717,3.7,0.0,0,25.0,0.0,100.0
76.07952952384949,1780321718,3.7,0.0,0,25.0,0.0,100.0
77.0806999206543,1780321719,3.7,0.0,0,25.0,0.0,100.0
78.08213520050049,1780321720,3.7,0.0,0,25.0,0.0,100.0
79.08273315429688,1780321721,3.7,0.0,0,25.0,0.0,100.0
80.08393144607544,1780321722,3.7,0.0,0,25.0,0.0,100.0
81.0845696926117,1780321723,3.7,0.0,0,25.0,0.0,100.0
82.0855963230133,1780321724,3.7,0.0,0,25.0,0.0,100.0
83.08668446540833,1780321725,3.7,0.0,0,25.0,0.0,100.0
84.0873544216156,1780321726,3.7,0.0,0,25.0,0.0,100.0
85.08793544769287,1780321727,3.7,0.0,0,25.0,0.0,100.0
86.08858633041382,1780321728,3.7,0.0,0,25.0,0.0,100.0
